client_id,company_name,tax_id,email,country,default_currency,status
CLI-BDD640FB,Sanchez-Taylor,DVXR19600133890838,lrobinson@pacheco-smith.com,Qatar,MXN,INACTIVE
CLI-F50BEA63,Garcia-James,LLTI07816184959310,kendragalloway@delacruz.com,Korea,COP,ACTIVE
CLI-AB9099A4,Miles-Sutton,CTUF83276483503056,carl95@rios.info,Cambodia,COP,ACTIVE
CLI-89FA6A68,Burgess-Patterson,SMLH28710122691669,jrice@frazier.net,Sao Tome and Principe,COP,PENDING
CLI-6F4CC69A,Chavez Ltd,XIQY28148932528809,tracy15@allen-allen.org,Yemen,USD,ACTIVE
CLI-11B7E948,"Cannon, Anderson and Alvarez",RFIQ96383465787133,morganbrianna@chapman.com,Russian Federation,USD,ACTIVE
CLI-DC1110C1,Jones-Young,VPGR29973763116566,dshields@valdez.com,South Georgia and the South Sandwich Islands,USD,ACTIVE
CLI-72D8567D,Henderson LLC,OHCO81080132677360,nicholasgalloway@house-glover.com,Jamaica,MXN,ACTIVE
CLI-F7FD5646,Riley PLC,BXKB09788208121913,kwilson@riley.org,Belgium,MXN,PENDING
CLI-50FD9D3F,Harris-Moran,HIME47510799118384,sarahibarra@wood.info,Syrian Arab Republic,COP,PENDING
CLI-A76AFDE6,"Smith, Montoya and Evans",VDEI11824493534874,davisrodney@williams-cook.com,Northern Mariana Islands,COP,ACTIVE
CLI-B4A69F3C,Hoffman-Rodriguez,WERB59826204505331,kimberly69@moore.com,Turkmenistan,MXN,ACTIVE
CLI-550A1B46,Ph@m-Shields,ZHIF16073375433036,joshua14@may-ross.net,Greenland,USD,ACTIVE
CLI-2DB69EDB,"Estes, Baker and Rodriguez",NLXZ56981693406088,michaeljones@mccall.com,Saint Helena,COP,PENDING
CLI-5380B904,Terry-Spencer,GNVM29946804436995,rramos@dixon.com,Palestinian Territory,USD,INACTIVE
CLI-9E87E04C,Davis-Crane,HVJH32003791769367,psanchez@smith.com,Slovakia (Slovak Republic),MXN,ACTIVE
CLI-B227462C,"Marshall, Grant and Lowery1",DOEZ78895798687277,karen48@sims-hill.com,Rwanda,COP,ACTIVE
CLI-E49D681D,"Miller, Hernandez and Reyes",EWGC66587603669096,wsmith@molina-castaneda.biz,Mauritania,EUR,INACTIVE
CLI-7C5308BF,Price Ltd,VZMX27298069901627,brentgray@gibson.biz,Fiji,MXN,INACTIVE
CLI-04F64D86,"Ryan, Cooke and Bell",UCYU00330923271937,katie29@stuart.com,Georgia,USD,PENDING
CLI-93676A02,"Odonnell, Brooks @nd David",GCSW31491905865185,atkinsonlynn@hamilton.info,Russian Federation,EUR,INACTIVE
CLI-F7294951,"Nelson, Morton and Medina",PONX94531473799650,lrosales@lewis-salinas.com,Fiji,COP,PENDING
CLI-30E912F2,Allen Group,,ronald85@warner-nelson.com,Djibouti,USD,PENDING
CLI-BE2D740A,"Tapia, Vaughn and Lee",XPIX98941343524082,brandon08@terry-martinez.info,Bosnia and Herzegovina,USD,PENDING
CLI-70C2903F,Lopez-Williams,PDCM71902294131869,kimberlyjames@evans-chapman.biz,Gambia,USD,PENDING
CLI-F295456E,Garrett LLC,VCFH28120679740344,ojones@french-weber.com,Jamaica,USD,PENDING
CLI-E88DA719,Serrano-Jones,FZJT94717464887719,prestonjessica@wright.org,Namibia,USD,PENDING
CLI-0A4C9F7F,ruiz ltd,OIFS67175655125674,jcervantes@gibson.com,Gibraltar,USD,INACTIVE
CLI-FCF56188,Sandoval PLC,ONBG85977034824771,dudleychelsea@mckinney.net,American Samoa,MXN,ACTIVE
CLI-E9B5C5CF,Murray Inc,UEPW48467737826398,michellehill@morgan-french.com,Swaziland,USD,INACTIVE
CLI-96418CED,"Duarte, Burns and Hernandez",RPLK88675339636057,qhughes@pollard.net,Nauru,COP,ACTIVE
CLI-1986B4B2,"Lozano, Smith and Thomas",UECP45961586578091,crystalmccall@francis.com,Senegal,USD,INACTIVE
CLI-E746CCB9,Williams Inc,JLLN23869222196937,jesselittle@scott-smith.info,United Arab Emirates,COP,PENDING
CLI-711533F3,Huerta-Evans,NWIO43671369594406,alan09@crawford.com,New Caledonia,COP,ACTIVE
CLI-402913EC,"Campos, Saunders and Becker",,alyssa42@sloan-raymond.com,San Marino,COP,ACTIVE
CLI-2408A6DC,Dalton Ltd,VMZR51604817549651,thomasharvey@murphy.info,United States of America,COP,PENDING
CLI-0B9BD934,Torres Group,DDHR26758692617964,vaughnjeffsampson-foley.com,Poland,COP,PENDING
CLI-5BD20C98,Sanders and Sons,DOCV39005329318393,markhernandez@smith.com,Mauritius,COP,ACTIVE
CLI-06998731,Smith and Sons,SKAF40268117758917,soniawilliams@boyd.com,Lesotho,MXN,INACTIVE
CLI-B65FEEA9,Jones-Miller,TECE49985698478961,farrelldebra@le.com,Isle of Man,COP,INACTIVE
CLI-18578BAF,Simmons-Ortega,LEVP11116152809885,jenkinsmorgan@parrish-griffith.com,Netherlands Antilles,COP,INACTIVE
CLI-36760CE5,Douglas and Sons,DLRL14936899809402,jacqueline45@smith-kane.org,Palestinian Territory,MXN,ACTIVE
CLI-F8C88FAE,Davis PLC,GMNO52545991022901,scott67@ramos.com,Guatemala,MXN,ACTIVE
CLI-97D7A560,Rose-Parker,HMTB03432445107622,opatel@hansen.biz,Tokelau,USD,INACTIVE
CLI-13EECDC6,Johnston-Berry,WUNJ16052975161369,zwarren@reese-walker.com,Belarus,USD,PENDING
CLI-C6B6E4AD,Bell-Mullen,UEHD24329212779979,michelle52@jones-ramos.com,South Africa,COP,PENDING
CLI-12FE28BF,Murray-Johnson,LJCU19986798079359,dmason@garcia-nolan.com,Rwanda,USD,PENDING
CLI-3F6C21F7,"Kim, Gonzales and Mills",FLLJ66590515186449,mathewaguilar@rangel.biz,Bulgaria,USD,INACTIVE
CLI-CAAA5BBE,Li-Santiago,XVQC68505423573322,phillipskristin@wise.com,Panama,COP,PENDING
CLI-277D1BE9,White Ltd,YTZF70653794738347,michealvalentine@murray-campbell.biz,Macao,MXN,ACTIVE
CLI-9ACB394A,Salas Inc4,UPLR18141247826137,sarah60@shaw-young.com,Holy See (Vatican City State),EUR,ACTIVE
CLI-D6D441CC,"Santos, Moody and Taylor",JPWE77901043289861,john10@barnes.info,Bahrain,USD,INACTIVE
CLI-A1C7CC8A,"Andrews, Higgins and Carter",ATLH96218518888806,ywilliams@king-smith.com,Guatemala,EUR,PENDING
CLI-C5811D2D,"Moss, Cook and Williams",RKUF77221704303054,ihays@king-mullins.com,France,COP,ACTIVE
CLI-45F18619,Lloyd Group,MXOM52775841616928,manuel15@phillips.com,Portugal,MXN,INACTIVE
CLI-DEBAC186,Mendez-Graham,UZBC65820297021355,cherring@hernandez.info,Serbia,USD,PENDING
CLI-65E58F34,Banks-Wright,,melissahayes@wallace.com,Papua New Guinea,COP,PENDING
CLI-4A552EA0,York-Joseph,,cherylmiller@sanders-love.info,Malta,MXN,INACTIVE
CLI-20156A72,Day-Cole,VQLE89226801824225,michaeleverett@singleton-king.net,Falkland Islands (Malvinas),EUR,PENDING
CLI-17EAEC83,"Davidson, Vargas and Carpenter",FVTX95900109439690,ismall@may-turner.com,Sri Lanka,MXN,INACTIVE
CLI-0F5675F8,Gonzales Group,OGKT25556258815371,shannon21@roberts.org,Italy,EUR,ACTIVE
CLI-93E34C35,"Edwards, Hines and Jimenez",QOPJ70168733950047,amitchell@jordan.com,Serbia,MXN,INACTIVE
CLI-91FDFA4F,"Lee, Tran and Jones",QOYR49912165585239,cporter@taylor.info,Maldives,MXN,ACTIVE
CLI-23C8AFDB,Velazquez-Flores,MTXJ95888794705516,laura09@baker-rios.org,Morocco,EUR,PENDING
CLI-2BA6ADB3,"Fuller, Harvey and Randall",EVHB91307562636897,thorntonapril@nguyen.com,Zimbabwe,EUR,INACTIVE
CLI-8BD88FCD,Lowe-Dillon,,ybailey@hill.biz,Ukraine,MXN,INACTIVE
CLI-257F7595,Williams-Moses,,santiagoamanda@hall.info,Bolivia,EUR,ACTIVE
CLI-EDD97A1A,Russell Group,PUGY45401938026206,vlopez@mcdowell-smith.org,Netherlands,USD,INACTIVE
CLI-A42D0CD7,"Warren, Small and Anderson",QOIG15274205493296,frobertson@caldwell-lopez.com,Lesotho,COP,ACTIVE
CLI-3C4B1EEC,Molina-Finley,JSXS04530174268414,christina32@hernandez-adkins.org,Holy See (Vatican City State),MXN,PENDING
CLI-C1E1B94A,"Pham, Petersen and Gill5",VYTZ18785191088398,franklinbond@wilson-harris.org,Liechtenstein,USD,PENDING
CLI-741423B5,Palmer Group,SBRO40640391065180,andersenthomas@ortiz-mack.biz,Holy See (Vatican City State),MXN,INACTIVE
CLI-60A399D4,Miller-Brandt,REUL12868230047868,pmorrow@reed-hill.com,Antigua and Barbuda,MXN,PENDING
CLI-E39836BB,Allen Inc,DTBO90306738302843,barbara53@walter-odom.net,Cyprus,MXN,INACTIVE
CLI-F2D2393F,"Hobbs, Buck and Garrett",NRPB56856624628733,meredith27@hart.net,Marshall Islands,EUR,INACTIVE
CLI-548C1D84,"Miller, Cole and Watson",RXGB46990139837354,lewisjames@wilson.com,Qatar,EUR,INACTIVE
CLI-52555C75,James-Ferguson,,greensarah@cortez.com,Hong Kong,EUR,INACTIVE
CLI-AF521B94,Scott-Underwood,XUXP72522872808010,gutierrezmegan@jones.com,Cuba,MXN,INACTIVE
CLI-AAB07015,"Durham, Hopkins and Smith",RRNA08484086211823,christineking@adams-sanders.com,Iraq,MXN,PENDING
CLI-39D1C7FF,Sutton-Abbott,UUYB16668700217659,jacobsonsamantha@lewis.org,Lebanon,COP,ACTIVE
CLI-ECF32053,Lam-Elliott,BFKA39261429396856,krystalnorris@mason.com,Bolivia,MXN,ACTIVE
CLI-9AEC56A8,"Friedman, Sanders and Ayala",AUIZ77358662961943,millereric@bowers.com,Botswana,USD,ACTIVE
CLI-5C238D8D,Garcia-Miller,NORR86101581995604,fhughes@santana.org,Mali,EUR,PENDING
CLI-44D7DF9A,Adams-Thomas,FNIN47154379937124,rushmartin@james.biz,Suriname,EUR,INACTIVE
CLI-B1FEAD13,Mendoza and Sons,MKJX79356465193982,bentonsteven@clark.com,Svalbard & Jan Mayen Islands,MXN,PENDING
CLI-4D8670BD,King and Sons,WNZM17979688680589,rodriguezjohn@kelly.biz,Sao Tome and Principe,COP,INACTIVE
CLI-423CAD9D,Dixon PLC,RSWS37567982507146,wilsonshelia@bailey.info,Slovenia,EUR,PENDING
CLI-18FDD2B9,Bowen-Chavez,CJBZ10512382825867,laurensoto@davidson.biz,Antarctica (the territory South of 60 deg S),EUR,INACTIVE
CLI-0123A348,"Lewis, Ramirez and Padilla",ZCSD82553714785969,wmatthews@bruce-williamson.com,Uruguay,USD,PENDING
CLI-3D131A3D,Wilson-Brooks,EQMN92966278282742,leonardhayes@glenn.info,Burkina Faso,EUR,INACTIVE
CLI-A72F947D,Ortiz-Vasquez,WOPF19034043842797,armstrongjoseph@morrow.com,Senegal,MXN,PENDING
CLI-1A37F6BD,"Greer, Potter and Evans",BOIL17133959629233,hudsonamanda@ryan.com,Montserrat,COP,PENDING
CLI-D0AFB235,Taylor Group,BIUE23253672946671,powellkara@mayer.com,Mozambique,USD,PENDING
CLI-755CEE2A,"Beck, Howard and Brown3",RMGN37454589297500,simsmary@martinez.info,Korea,USD,INACTIVE
CLI-E8CEE951,Khan LLC,FICU54152064361103,lmiller@stone.com,Algeria,COP,ACTIVE
CLI-B1AC040D,Woods and Sons,MCXZ11554262218909,scottbowen@goodman.info,Tokelau,EUR,ACTIVE
CLI-C0A0473A,Lawrence Group,LNKZ23413899940438,juliephillips@bowers.info,Hungary,USD,ACTIVE
CLI-122DD7BE,"Oneal, Smith and Ward",KEMS65827109104300,ohunter@mason.com,Northern Mariana Islands,EUR,INACTIVE
CLI-82E4DD4A,Mccann and Sons,RKMS14630316179904,davidzimmerman@smith.net,Slovenia,COP,ACTIVE
CLI-C7F7BDA1,Quinn-Wilson,AKZN48149177850792,eric19@sharp.com,Togo,USD,ACTIVE
CLI-620AF158,White Inc,RZWX63536541951802,lindajarvis@jones-marshall.com,Singapore,COP,INACTIVE
CLI-020A4497,Gonzalez-Elliott,JXTH75973832060385,tapiaaaron@bennett.com,Marshall Islands,EUR,INACTIVE
CLI-F8F9A45D,Dawson Inc,BHQN57191826199062,kellyrosales@haynes-moss.com,Korea,COP,ACTIVE
CLI-22D839D3,"Rodriguez, Garcia and Cole",KNDR53747411249035,christopherwright@foster-williams.com,Eritrea,EUR,ACTIVE
CLI-73C374A6,"Adkins, Wright and Murray",ZZED00323651994101,rachelramos@davis.com,Armenia,MXN,ACTIVE
CLI-6EE35607,"Foster, Johnson and Vega",FLGF44720999347687,millerpatrick@gonzalez-wilkerson.net,Egypt,USD,INACTIVE
CLI-7ACC9970,"Harrington, Cooper and Cunningham",KMIF05930407859321,dianeadams@brown.biz,Guinea,EUR,ACTIVE
CLI-CE63CB1A,"Wolfe, Sloan and Johnson",WLSS29378427010393,foxaaron@harris.com,Bahamas,USD,ACTIVE
CLI-24435958,Mathis LLC,CLWV69154522675289,jeffrey92@parker-barker.com,Christmas Island,USD,PENDING
CLI-D9CB3540,"Johnson, Guzman and Mccall",THUS17251355215704,johnjones@buchanan-le.com,Hungary,MXN,PENDING
CLI-E271FFF9,Snyder-Gray,RMDP93271040541152,emartin@mcmahon.org,Uganda,MXN,PENDING
CLI-A754A29F,Lawson Group,FBDK33688444310698,xhernandez@patterson.org,Lesotho,EUR,ACTIVE
CLI-A3607681,Rowland-Wells,DJZM77418625652704,omarshall@elliott-hernandez.com,Belize,COP,PENDING
CLI-96F84FF7,Spencer Group,QNRV79374160898992,averyshane@stanton.com,Armenia,MXN,ACTIVE
CLI-33B0FB53,"Hernandez, Larson and Flores",XZCC68685487099861,khernandez@aguilar.com,Mongolia,USD,INACTIVE
CLI-5807CF74,Baker-Pena,STPB24629960653074,andrew44@cameron-garrison.com,Trinidad and Tobago,EUR,ACTIVE
CLI-716FB276,Adams-Butler,UCGO36785082148628,thompsonnancy@hoodcom,Korea,USD,INACTIVE
CLI-5E4C4FD1,wagner-reid,,hughesfrank@chan.com,Philippines,EUR,INACTIVE
CLI-052226B9,"Smith, Buck and Holland",TZAH49446657437489,asilva@keynet,Oman,COP,INACTIVE
CLI-1057A002,Mcneil-Davidson,IIUW43283096520744,vsullivan@aguilar.com,Guam,EUR,PENDING
CLI-79C9C839,"Howard, Evans and Jackson",VRFJ17248251353465,jorge47@ruiz.org,Mozambique,USD,INACTIVE
CLI-1EAC41D9,"James, Evans and Brown",EEGK69725217525007,jason29@burns.com,Nicaragua,MXN,PENDING
CLI-F71FB9A6,Reyes-Johnson,GXLA58300335421689,gary04@bryant-meyer.net,Guadeloupe,MXN,PENDING
CLI-FF02F5B0,Howard-Lopez,ZMAH32309821506489,wheelerbrandon@valdez.com,Portugal,USD,INACTIVE
CLI-8C1AB2C7,Wells-Hernandez,,glovertyler@gonzalez.com,Guinea-Bissau,MXN,INACTIVE
CLI-7F111A36,Watts Group,KHAA11972181143744,lwilliams@phelps.com,Japan,USD,ACTIVE
CLI-0BBF6334,Christian Ltd,UFKL79415521667467,zbanks@wilson.com,Western Sahara,EUR,ACTIVE
CLI-7B90942F,"Gregory, White and James",LTAV27716701450899,tiffanysantiago@stone-watts.org,Bhutan,MXN,PENDING
CLI-588309DE,"Rhodes, Cruz and Combs",RTBA28772175354083,ppowell@stevens.info,Benin,MXN,INACTIVE
CLI-7F53DC0A,"Valdez, Garcia and Gutierrez",,xmoran@chavez.com,Guam,COP,PENDING
CLI-8C357321,"Brooks, Rodriguez and Prince",PEWX61493316373516,housemary@martinez.org,Zimbabwe,EUR,INACTIVE
CLI-0C6F3051,"mcconnell, roberson and webb",QYFW92216995866934,sstuart@ballard-taylor.org,Reunion,COP,PENDING
CLI-B63D65D5,"Walls, Chen and Harris",TWJV52288515879968,natalie60@rodriguez.com,Cook Islands,COP,ACTIVE
CLI-4024C424,Franco Ltd,ZJGY80571983863840,yhughes@edwards.com,Cook Islands,MXN,ACTIVE
CLI-B5A4C55B,"Richardson, Chapman and Rodgers",GYXG47212281606484,eugenesingleton@rivera.com,Armenia,EUR,INACTIVE
CLI-EEB093FE,"Gilbert, Stanley and Henry",SRLC58328182688615,nicolealvarado@ward-robinson.org,Marshall Islands,MXN,PENDING
CLI-A6388854,Wilson LLC,OHUT93056164840858,stucker@lee.com,Zimbabwe,USD,PENDING
CLI-A127DC6B,Hancock Group,DGRW61207501102481,rhondarussell@mccoy-hamilton.com,Iceland,USD,PENDING
CLI-9E4C24DD,Avila PLC,BWCL81449147660728,derekmyers@phillips.com,Zambia,USD,PENDING
CLI-1F8C56E0,Smith PLC,,emilybradley@yorkinfo,Oman,USD,INACTIVE
CLI-1923CAFC,Swanson Group,KLEV31491357759492,lindsey62@edwards.biz,Falkland Islands (Malvinas),COP,ACTIVE
CLI-E0BD202C,Ford-Howard,JPRD29142834110809,nhammond@arnold.net,Latvia,EUR,INACTIVE
CLI-C5AB48DA,"Quinn, Carter and Marshall",QCML80392827229927,billy73@baker.com,Paraguay,EUR,PENDING
CLI-635A11F2,Hardin-Keith,BUKD84498926659184,okaufman@sullivan.info,Tuvalu,USD,PENDING
CLI-2A6524AF,Jones Ltd,IGEF25913651777392,cjohnson@berry.com,Norfolk Island,USD,PENDING
CLI-421D4DCA,Black Group,TSUA41379772369292,gary57@garza.com,Andorra,EUR,PENDING
CLI-AF32BAF8,Serrano-Jacobs ,FPTT08811729806865,wolferoy@clarke-james.org,Spain,USD,INACTIVE
CLI-C40F5405,Kent Inc,JTRN43009818063565,mooredenise@green-herrera.org,Haiti,COP,PENDING
CLI-69C9520F,"Bowers, Olson and Wood",RPIJ95621372138658,martintamara@brock.info,Vanuatu,MXN,ACTIVE
CLI-5EEF0D1E,Lynch Ltd,MMTU84902770384309,christinacraig@allen-smith.com,Benin,COP,INACTIVE
CLI-67CBA27A,"Gonzalez, Smith and Padilla",CRJX89554393769042,jhunter@gordon.com,Spain,COP,PENDING
CLI-400945CE," Ramos, Bennett and Webb",,haynesjose@davis-nunez.com,Belarus,EUR,INACTIVE
CLI-E4F1E8E8,"Adams, Valentine and Vega",GPXG33433339521117,duranamber@charles.org,Germany,MXN,PENDING
CLI-2ED0B0B2,"Ramirez, Walker and Ray",BQZN78085627187500,nicolasgarcia@salazar-green.net,Estonia,EUR,INACTIVE
CLI-57D52B78,White-Coleman,NWYL56472929314386,zgonzalez@hernandez.info,Burkina Faso,COP,INACTIVE
CLI-DBC6C928,"Williams, Garcia and Martin",GIPU17545588450615,barbarasantos@thompson.net,Libyan Arab Jamahiriya,MXN,ACTIVE
CLI-76B874D3,"Frye, Oneill and Davidson",KNUT96112535544964,xnorman@matthews.com,Timor-Leste,USD,ACTIVE
CLI-406BF02D,"Haynes, Miller and Jackson",,joanramos@anderson.com,Antigua and Barbuda,COP,INACTIVE
CLI-F99863F2,"Donovan, Dunn and Taylor",WRFS97968845783174,robert24@smith.com,France,MXN,PENDING
CLI-7DEF3B8E,Evans-Cannon,ZJTH08536866326634,hendersonjohn@aguirre.net,Sudan,COP,INACTIVE
CLI-2EB23CA3,Roberts Ltd,OTOI97350208021442,oacosta@hernandez.com,Guam,MXN,INACTIVE
CLI-FF7A884D,Ford-Moody,KCYE04618723460136,cwright@murray.net,Papua New Guinea,EUR,INACTIVE
CLI-4FE66636,Moore-Chandler,,fosterjohn@perkins.info,Portugal,EUR,INACTIVE
CLI-285EED0A,Davis-Montgomery,YUBB52812735857306,jennifer40@mann-hansen.net,Qatar,MXN,ACTIVE
CLI-59008D65,Oconnor-Hill,TRFC82744857086209,kimberly35@brown.com,Malta,MXN,PENDING
CLI-5295EA96,Davidson-Rodriguez,QVCB22031731096789,brandon39@jones.info,Vanuatu,USD,INACTIVE
CLI-5C65A65C,"Paul, Zamora and Short",ZWBT48014138113863,aliciawright@meza.com,Seychelles,COP,PENDING
CLI-6D54C95A,Jackson and Sons,RMQK28975585566593,nicholaspierce@king.biz,Afghanistan,USD,INACTIVE
CLI-2294FA0A,Smith-Joyce,GKAY48889921075224,pamela33@shepherd-davis.biz,Montenegro,EUR,PENDING
CLI-CAFBC4FE,Thompson-Petersen,WWSD94096105566139,walterscrystal@torres.com,Mauritius,EUR,INACTIVE
CLI-2737F345,Nunez Group,OYTS81364622517908,zbaker@hamilton.info,Monaco,EUR,INACTIVE
CLI-32339053,"Gilbert, Fitzgerald and Sanchez",CIYN59116655355904,vanessajensen@hanson-alexander.com,Cook Islands,COP,ACTIVE
CLI-15F7EF61,Singh and Sons,TEJA51477053833884,jdean@hale.net,Aruba,COP,ACTIVE
CLI-CA0841DE,"Williamson, Brown and Pena",ACMV45104636815798,lopezvincent@castro-marquez.com,Egypt,COP,INACTIVE
CLI-28317F0D,Reed LLC,LUJH84046084325621,rmeyer@salas.org,Cape Verde,MXN,INACTIVE
CLI-72FCC072,"Anderson, Delgado and Carpenter",,jessicacannonali-turner.com,Canada,EUR,ACTIVE
CLI-C32FC21B,"Jensen, Obrien and Salazar",,jamesjohnson@schaefer.com,Samoa,EUR,ACTIVE
CLI-F4672866,Camacho-Burns,KOHN60965699988081,cbryant@stone.com,Moldova,MXN,PENDING
CLI-0C9EA060,Carter Group,,phillipmorris@white.com,Turkmenistan,MXN,ACTIVE
CLI-A6091AD0,"Hogan, Higgins and Martinez",,fernandothomas@williams.info,France,EUR,ACTIVE
CLI-33EE16E7,Dean LLC,AOPP80973397767199,sanchezamyfuller.com,Cameroon,USD,PENDING
CLI-DA948E70,Estrada PLC,JKCB16224999827950,mackmarcus@wilkins-chang.net,Bahrain,COP,INACTIVE
CLI-DC0228AF,Murphy-Gutierrez,GWGT01981794695489,sara99@stone-welch.info,Sri Lanka,EUR,PENDING
CLI-FAB0A15D,smith inc,OUZD39660558303441,kevin85wilson.com,Indonesia,USD,ACTIVE
CLI-56830783,"Mendoza, Wells and Johnson",EPEU78576084958803,lauren51@ramirez.com,Honduras,EUR,PENDING
CLI-985E7E89,Hancock LLC,WKWB46173574384215,stricklandrobin@hunter-lloyd.net,Cape Verde,EUR,INACTIVE
CLI-DFB68A5F,"Collins, Murphy and Hammond",DQVE30768104091570,meyerdonna@johnson-blake.com,Gibraltar,EUR,ACTIVE
CLI-51B3CCF5,Lambert-Nelson,FIDA98813858542493,charlesaustin@fernandez-williams.com,Latvia,USD,ACTIVE
CLI-6D2CDBF9,White-Carlson,SUWW79545381792171,pcollins@miranda.com,Tokelau,COP,INACTIVE
CLI-EAD1D758,"Rivera, Valencia and Nguyen",PACP15772459928161,angela14@murray.com,Mexico,EUR,INACTIVE
CLI-354F184E,"Garza, Mueller and Graham",ZKRW32197199758172,stephanie19@jennings.biz,Greece,MXN,PENDING
CLI-37B567B4,Clay Ltd ,ZAYE27846997335494,wrobbins@aguilar.net,Iraq,EUR,INACTIVE
CLI-8C83BC68,Smith PLC,LDJA36965666683272,angelabridges@larsen-moorecom,Burkina Faso,USD,ACTIVE
CLI-B8A9B014,Barrett-Proctor,ECEU67969278687653,rogersmith@bradford-young.net,Ethiopia,MXN,PENDING
CLI-FA6D81EE,Carroll Ltd,LDSP12847818913718,chloe58@harrison.info,Montserrat,COP,INACTIVE
CLI-CC585B60,Roberts-Johnson,,williamyork@king-gilbert.com,Togo,COP,ACTIVE
CLI-2CB37E23,"Stevenson, Hopkins and Wood",FIZW37280512927663,kbarber@lane.com,Norway,COP,ACTIVE
CLI-661423A7,Turner-Reese,,stephanie69@garrison.com,Equatorial Guinea,MXN,INACTIVE
CLI-3DE667F9,"Powers, Townsend and Meyer",VWFK80010618175344,austinharvey@mays.com,Zambia,USD,PENDING
CLI-DB3FB4A2,"Anderson, Douglas and Yoder",SZFD24471746542140,dprice@sosa-baker.info,Bangladesh,MXN,ACTIVE
CLI-A53E62BA,Rodriguez-Fernandez,NGTU17410119470720,ortegajoseph@riverainfo,Lesotho,MXN,INACTIVE
CLI-CFF14C0E,Fernandez Inc,MWYP19855460158517,deborah28@ponce.com,French Southern Territories,MXN,ACTIVE
CLI-7C8B7F1E,Mcclure Group,XGEB30937618478700,brian06@lewis.net,Kuwait,EUR,PENDING
CLI-1270C935,Moss Group,UAPT03202041792911,crawfordlauren@brown.biz,Guadeloupe,MXN,INACTIVE
CLI-937292E6,"Taylor, Copeland and Mcguire",,craigboone@bennett.com,Albania,USD,ACTIVE
CLI-A6D977A1,"Eaton, Butler and Aguirre",YPWE32487632909279,burtonkimberly@barnes-grant.com,British Indian Ocean Territory (Chagos Archipelago),USD,PENDING
CLI-FC9DC0D0,"Romero, Marshall and Sims",GIBG12772200543645,vwilliams@buckley.com,Solomon Islands,USD,INACTIVE
CLI-E523E8A9,Griffith PLC,SKNG53153136363179,bbrown@robinson.info,Christmas Island,MXN,INACTIVE
CLI-31B42308,"howard, nelson and rogers",BWSB42177625349292,christophervincent@atkins-robinson.info,Taiwan,MXN,INACTIVE
CLI-BC7637A0,Wright Group,SHSE90600780686717,jallen@steele.com,Bulgaria,COP,INACTIVE
CLI-173A0C96,Castillo LLC,FWOS90772625701658,phillipskaren@shah.com,Niger,COP,PENDING
CLI-F200A32C,"Cox, Williams and Reyes",OTBL52818325381793,lukehurst@frazier.com,Korea,MXN,PENDING
CLI-785CA87B,"Patel, Bryan and Lam",OTLZ13711624112412,nhernandez@crane.net,Venezuela,EUR,INACTIVE
CLI-BCDA835F,"Smith, Lopez and Johnson",ZHQU56955798877492,george43@watson-roberts.com,Cameroon,COP,INACTIVE
CLI-9E5E8CFE,Joseph LLC,FFWW22310592745238,wadetiffany@watson.com,Martinique,COP,ACTIVE
CLI-EE5A8856,Mack-Gould,KEAX88547492975170,ericawilson@morales.info,Guinea-Bissau,USD,INACTIVE
CLI-31F55560,"Fox, H@rrington and Wang",GACR71863759980562,xwood@mitchell.com,Kiribati,USD,ACTIVE
CLI-BDD4C1F2,Lara-Roberts,ZXNX62991234785196,smithdanielle@perry-peters.org,Saudi Arabia,EUR,ACTIVE
CLI-4A1A4219,"Henry, Carson and Turner",,wilsonjoshua@george.org,Liberia,MXN,INACTIVE
CLI-F9690579,"Cardenas, Brooks and Quinn",AIFS02572520456504,alyssa18@miranda.com,Netherlands Antilles,EUR,PENDING
CLI-D3AA9B27,"Marsh, Nelson and Wolfe",LDRS52028457652132,mariepope@austinnet,Rwanda,USD,INACTIVE
CLI-1DD73F1F,Mclean Group,LJWL27985240132234,jasonzavala@vazquez-bowers.com,Andorra,MXN,INACTIVE
CLI-08651A6E,"Palmer, Brown and Wilson",IBCJ01193932501249,michael89@wagnercom,Svalbard & Jan Mayen Islands,USD,PENDING
CLI-F6D9FE17, Jackson-Webster,AXDG87592712566383,urodriguez@owens.com,Lithuania,COP,PENDING
CLI-0A6552A5,Murphy Inc,MJOT47386463175207,sandersalexandra@miller.org,Bosnia and Herzegovina,EUR,ACTIVE
CLI-56B09052,Larson Group,DHNX74994657967842,qrodriguez@crawford-fuller.com,Antarctica (the territory South of 60 deg S),USD,PENDING
CLI-7F85C4E7,"Johnson, White and Jacobs",KEJT91187734778485,cisnerosanthony@beard-wilson.info,Germany,MXN,INACTIVE
CLI-2D474C4F,"Hopkins, Chan and Dyer",FPNE46719788977828,myerstroy@jensen-gomez.com,Gibraltar,USD,ACTIVE
CLI-D6415102,Bailey-Harmon,AYUK61655650333491,meltondanny@smith.com,Kuwait,MXN,PENDING
CLI-444122A5,Dominguez PLC,AKMS65917135785294,tara37@boone.net,Croatia,COP,INACTIVE
CLI-92D2408E,Ballard-Weber,,ualvarado@perry.org,Malaysia,MXN,PENDING
CLI-E182701B,Burton PLC,,megan65@walters.com,Swaziland,COP,PENDING
CLI-99EA5BBD,Sullivan Inc,EGAH47786603242044,dawnwilliams@tucker.com,Germany,COP,ACTIVE
CLI-E592EE7C,Powers-Blackwell,MXEH19818984713915,marisa63@robinson-rodriguez.com,Falkland Islands (Malvinas),MXN,INACTIVE
CLI-0E512083,Ferguson-Lyons,DKRN73425754090034,sparker@leach-jennings.net,Tonga,EUR,INACTIVE
CLI-F5F3943A,Pennington-Hardin,JCYH43275604177656,hollowayholly@jones.net,Saint Pierre and Miquelon,COP,INACTIVE
CLI-0D565923,"May, Mccoy and Gibbs",EAMG45911238296577,jorgemcdaniel@marsh-gonzalez.biz,Heard Island and McDonald Islands,EUR,INACTIVE
CLI-D5AD86BC,"Walker, Vaughan and Leblanc",UTUH17342069694215,staceywilson@fox.info,British Indian Ocean Territory (Chagos Archipelago),EUR,PENDING
CLI-DCA7E284, Roberts-Snyder,ENGT34362620443973,brandi71@harrison.biz,Poland,EUR,PENDING
CLI-BC715183,"Scott, Davis and Brown",KHPL99004896465280,jorgegordonhumphrey-anderson.com,Russian Federation,MXN,ACTIVE
CLI-0B4E360A,Porter LLC,XLNJ49485625728703,brianwhite@green-mccarthy.biz,Brazil,MXN,ACTIVE
CLI-B582EF0C,"Washington, Vasquez and Singleton",EDLC34228499390892,pknapp@rhodes-clay.com,Finland,USD,INACTIVE
CLI-F38324F7,Hood and Sons,ACOW77490509759230,marcus01@crane.com,Dominican Republic,MXN,ACTIVE
CLI-29B67B14,Chan-Mitchell ,YUED47649251583776,madams@davis-henderson.com,Nicaragua,EUR,INACTIVE
CLI-0A5A2698,"Peterson, Ford and Walker",VWEP88147617422438,dphillips@jones.biz,Isle of Man,USD,INACTIVE
CLI-D0154898,Kelly-Richards,YQAD72260164597794,tammy23@miller.com,Tunisia,USD,INACTIVE
CLI-651A6277,Smith Ltd,POWM97499564122031,hortonjacob@clarkcom,Pakistan,EUR,INACTIVE
CLI-CA3E3238,"Lee, Turner and Ford",PNAD22777079334960,alan66@mclaughlin-larson.net,French Guiana,USD,INACTIVE
CLI-974E598D,"Carr, Gregory and Velasquez",PHWB80695814671795,bterry@robertsinfo,Guatemala,MXN,ACTIVE
CLI-E8B8D252,"Morgan, Guzman and Kirby",VOEJ66572934172232,agarcia@torres-clark.com,Andorra,COP,INACTIVE
CLI-2CBA1BC6," Johnson, Brown and Jordan",THDR37455084289107,westes@villegas.org,Slovenia,USD,PENDING
CLI-2AC38BD3,"Wilson, Harris and Ward",XJWO87125521376037,justin21@watson-fischer.com,Norfolk Island,EUR,ACTIVE
CLI-6BF5FC98,Taylor Group,NNOQ50720811556260,qmalone@hernandez.net,French Polynesia,MXN,INACTIVE
CLI-8DB969AF,Griffith-Edwards,,medinapeter@singh.com,Croatia,USD,PENDING
CLI-5738B277,"Moore, Johnson and Hogan",SIHY46810548510174,chaveztonyazhang.net,Tanzania,EUR,INACTIVE
CLI-C8E7F2F6,"Armstrong, Taylor and Gray",XHDK89357126611062,elewis@rhodes-powell.net,Maldives,MXN,INACTIVE
CLI-6C65659D,Barker-Gould,XNFE82772881377028,sandra19rodriguez-wood.com,Armenia,EUR,ACTIVE
CLI-5FDC9844,Carter-Johnson,EEZS60443270185106,kberry@mccullough-harrington.info,Syrian Arab Republic,EUR,ACTIVE
CLI-C2FD6177,Contreras-Hernandez,XKCZ99663658074120,ann18@lee.net,Morocco,USD,PENDING
CLI-79D05E2B,"Prince, Martinez and Mayer",FAIZ33971895690705,bwhite@stewart.com,Mauritius,EUR,INACTIVE
CLI-C4AF9DC9,Moore Group,VFBT52004615265461,harriskaren@young.com,Ethiopia,USD,INACTIVE
CLI-10C1DE9C,Johnson-Schultz,,kimberlymedina@ali-peters.com,Afghanistan,MXN,PENDING
CLI-2AD98682,Brown Group,ITIV65398402891416,rivasjessica@johns-clark.net,Spain,COP,PENDING
CLI-42E88605,"Chavez, Sanchez and Bird",KGOT50209700268768,cobbdebra@ryan.info,Peru,USD,INACTIVE
CLI-D3D4DDD3,"Howard, Thompson and Tate",WADO53703045319433,ccoffey@vasquez-padilla.org,Cote d'Ivoire,USD,ACTIVE
CLI-6565E779,Kane PLC,QPFR39992192124938,james08@king.biz,Norway,USD,INACTIVE
CLI-682904CA,Martinez-Holmes,PLQY03046875063519,mooneyjeremiah@coleman.com,Greenland,COP,ACTIVE
CLI-0722AB3C,Reynolds-Johnson,,friley@rangel.com,Tuvalu,USD,ACTIVE
CLI-71219097,Turner Ltd,NCDV08046619639907,bmarshall@harvey.com,Korea,COP,PENDING
CLI-03255820,"Reeves, Watkins and Randall",,ppalmer@collins-mcclure.com,Cameroon,MXN,INACTIVE
CLI-5E6BA460,Holmes Ltd,VEBH88065333153779,melissa95@evans.com,Lithuania,EUR,ACTIVE
CLI-3AF33CC5,Hanson-Allen,XYKZ63620501508124,llee@williams-johnson.com,Finland,EUR,ACTIVE
CLI-2C9DE90A,Abbott-Sanchez,GAFI10261534735528,ejohns@thomas.com,Congo,MXN,PENDING
CLI-6DF65800,"Sanchez, Williams and Jensen",GRJZ25304289731791,williampotter@potter.com,Gibraltar,COP,PENDING
CLI-F4AC27EF,Wells-Perkins,UZSU03337363466925,andrea21@wallace-bell.org,Armenia,MXN,PENDING
CLI-737EA52F,Reynolds-Richardson,PKIM02734151488814,coreyjones@payne.com,Peru,COP,INACTIVE
CLI-C4BB4ACE,"Bruce, Lee and Munoz",EYWX84044566907826,jeremycurry@hall-matthews.net,Saudi Arabia,MXN,PENDING
CLI-CABAEF3C,Edwards and Sons,NYWN37780529240755,robertjennings@farmer-vaughn.com,Greece,USD,PENDING
CLI-239E5593, Rowland LLC,,tfowler@jackson.net,Christmas Island,USD,PENDING
CLI-2FCB0DCE,Jones Group,JGHJ81705802566212,emendoza@friedman-glenn.com,Trinidad and Tobago,EUR,INACTIVE
CLI-AA2FD9D1,Moore-Andrews,JSGQ74302716938597,cford@davis.com,Reunion,COP,INACTIVE
CLI-D98F5E83,Perry and Sons,TXNO62916032484137,jriddle@carney.com,Madagascar,COP,INACTIVE
CLI-3516567D,"Williams, Johnson and Fowler",VXOM56360041257771,kelleyjohn@taylor-hoover.com,Chile,USD,PENDING
CLI-1FC8628D,"Figueroa, Jackson and Powers",AVIE75230837081647,georgebrandon@wang-mcfarland.com,United States of America,EUR,ACTIVE
CLI-07275940,Rogers and Sons,,hmcmillan@lewis.com,China,USD,INACTIVE
CLI-63A1BCAA,Ellis Inc,VIUT50136497189241,tina62@thompson-gill.com,Thailand,MXN,ACTIVE
CLI-E97F995D,"Cole, Dixon and Harmon",QSWA30914363910257,james63@johnsoninfo,Saint Vincent and the Grenadines,COP,ACTIVE
CLI-C976EC61,Meyer Group,UJYA35533803396852,esoto@jones-lee.com,Wallis and Futuna,EUR,ACTIVE
CLI-8C813E53,Young Inc,NXOJ23362934497347,tapiamichael@jackson-alexander.net,New Zealand,MXN,ACTIVE
CLI-7B64665C,Gill Group,CYJT82824674746897,cookjennifer@moore.com,American Samoa,COP,INACTIVE
CLI-F0B6844F,Waller-Brooks,PJUS16016923645875,curtissarawright.com,Norfolk Island,USD,PENDING
CLI-42E6918C,"Gibson, Becker and King",TSVF01166918362644,uwillis@goodwin-glass.com,Botswana,COP,ACTIVE
CLI-EE1595CF,"Sanders, Parker and Benitez",PADC68646225223728,hayeslisa@harris.com,Sudan,EUR,INACTIVE
CLI-68A69E71,Sims-Weber,,karen09@davis.com,Honduras,COP,INACTIVE
CLI-9AB8180F,Rogers-Maldonado,KKHL66905510762091,stephanie35@montgomery-hopkins.info,Malaysia,MXN,PENDING
CLI-A358C4D3,Smith-Ward,BZXK73976915671649,jenniferkane@glover.info,South Africa,USD,INACTIVE
CLI-8C7AA939,Jackson-Griffin,DPVR33321160256434,qlynn@wade.info,Bermuda,COP,ACTIVE
CLI-EC814510,"Brown, Cooper and Kent",XXXM86334141115931,david56@mclaughlin.com,Tanzania,MXN,INACTIVE
CLI-CC2A261D,"Peck, Martinez and Alvarado",SHDM08752437729420,kyle14@berry.com,Romania,MXN,ACTIVE
CLI-27177E59,"Clark, Oconnor and Cochran ",WXBY27642086567566,rosejustin@leblanc.com,Bulgaria,COP,PENDING
CLI-D98D213C,"Torres, Pena and Ray",OWPJ23330591266201,terri20baird.com,Nauru,MXN,ACTIVE
CLI-3EB862C6,Wilson Group,PJWT26176475011117,andrewberry@mendoza.org,Cocos (Keeling) Islands,MXN,INACTIVE
CLI-6F041C76,Duncan-Garcia,CWZR26068887189813,whitecarol@smith.com,British Virgin Islands,USD,ACTIVE
CLI-29451370,Hart Inc,CDQJ58260340848729,hneal@obrien-dixon.com,Panama,USD,ACTIVE
CLI-4CB9BE7B,Bernard PLC,RGSL42961844626714,jbentley@harriscom,Rwanda,COP,PENDING
CLI-82ECE8AA,"Martin, Underwood and Stewart",ZNMA93141818615155,dustin34@garcia.biz,Zambia,USD,ACTIVE
CLI-E0218CAF,Chapman-Roman,DQLW94849102562588,iwoods@smith-palmer.com,Palestinian Territory,EUR,ACTIVE
CLI-44725AB7, Sellers Ltd,LWYH96727578446834,mezarichard@bruce-walters.com,Saint Lucia,EUR,ACTIVE
CLI-15A75ED9,"mitchell, noble and stokes",ANVQ27788160930685,virginiaguerrero@sutton.com,Peru,EUR,ACTIVE
CLI-22212E52,"Gomez, Williams and Simpson",FLDK38144744309634,wallspatricia@brown-smith.info,Greenland,COP,INACTIVE
CLI-E3E3E73B,"Lopez, Gomez and Garcia",PGCQ82617024376545,imcclain@rodriguez-gonzales.info,Central African Republic,EUR,INACTIVE
CLI-5BF6F06D,"Gonzalez, Lopez and Williams",MNXK02374167872568,ganderson@martinez.net,American Samoa,EUR,ACTIVE
CLI-6DFE8745,"Mclaughlin, Hamilton and Roberts",PCYN39282341436371,jacobbond@walters.com,Falkland Islands (Malvinas),EUR,ACTIVE
CLI-331BD602,Lin Group,NQJW33567086041454,jennifer35@white.com,Panama,COP,ACTIVE
CLI-E892464D,"Garcia, Lopez and Vaughan",,gmiller@soto.com,Armenia,EUR,ACTIVE
CLI-19404D24,Mcmahon PLC,KJXP38202368485571,ajones@velazquez.org,Falkland Islands (Malvinas),EUR,INACTIVE
CLI-0F9027D5,"Lee, Olsen and Simpson",RQCF78686694320293,suarezkrystal@gordon-le.com,Gabon,EUR,INACTIVE
CLI-1E7D8F7B,Walker PLC,HJBU24240338105955,pottsnicole@bowen-ortiz.org,French Polynesia,COP,ACTIVE
CLI-D2ED3196,Robinson-Sanford,FIAR91649837354396,seanblair@richardson-barrera.com,Lithuania,EUR,INACTIVE
CLI-2D1594CB,Hudson Ltd,,jessicamorton@garcia.com,Serbia,USD,ACTIVE
CLI-44852295,Mays PLC,AZAZ18513279724572,brianholt@stephens.net,French Polynesia,USD,PENDING
CLI-244F4CE3,Barr Inc2,,david10@hernandez.com,Philippines,MXN,ACTIVE
CLI-4D334878,"Roth, Bailey and Garcia",PVLI10225267711964,christophercooley@saunders.com,Lithuania,MXN,INACTIVE
CLI-9A0BD63D,"Cook, Pham and Valdez",,youngaaron@cox.com,Uruguay,USD,ACTIVE
CLI-D947C72A,Phillips and Sons,,anthonydiaz@sanchez.org,Switzerland,MXN,ACTIVE
CLI-BE59D035,Adkins Ltd,JPNX57041200928206,dfrazier@dawson.com,Russian Federation,EUR,INACTIVE
CLI-F91E8B9B,Boyd and Sons,XGMT03628917756620,deborah34@garcia.org,Slovakia (Slovak Republic),COP,ACTIVE
CLI-8AA431E9,Jones PLC,AYJG83034199097005,hardingalan@walton-benjamin.net,Congo,COP,INACTIVE
CLI-212804C5,"Leonard, Rivera and Mosley",QDQZ20967904227113,lindseypena@martin.org,Pakistan,COP,INACTIVE
CLI-4A74982E,Hanson-Bentley,BWYV63399129710248,portershawn@villa.com,Fiji,COP,INACTIVE
CLI-B5ED7CE8,Scott-Kennedy,,nathaniel68@baker-hutchinson.com,Niger,USD,PENDING
CLI-D23C7585,"Smith, Farrell and Roberts",FSMC36715778711216,vgonzalez@stewart.info,Croatia,MXN,ACTIVE
CLI-8B8A7166,Fry and Sons,UGKS09605673030644,christopherjonesmiller-russo.info,Tunisia,MXN,PENDING
CLI-426B2236,Rivas Inc,NKYJ23567782659608,christiancontreras@thomas.com,American Samoa,EUR,INACTIVE
CLI-DD42DA67,Wilson-Cordova,NIQX07279103368296,michaelfarley@ray.com,Gabon,COP,PENDING
CLI-B30672DC,Banks-Bryant,NLLR68512765289286,qmitchell@frazier.com,Benin,USD,ACTIVE
CLI-EEB81B7D,Garcia-Brady,TRDU78904633786137,belllaura@gutierrez-hoover.biz,Albania,COP,ACTIVE
CLI-E12DEF58,"Baker, Roberson and Pope",NVHA60002589552963,plee@poole-solis.org,Japan,EUR,PENDING
CLI-2C78BC22,Strong-Holmes,NHDW28196482531106,fullerbrittney@montgomery.com,Montserrat,MXN,ACTIVE
CLI-FBC1085B,Walters-Strickland,FHUH43836404120911,hho@thomas.com,Bermuda,USD,INACTIVE
CLI-D69BDEB1,Myers Group,ZANC71366572240299,wilsonmatthew@webb-mendez.net,Albania,EUR,PENDING
CLI-1F20C257,Obrien PLC,AQQY23513052312447,stephaniebailey@pearson.biz,Malaysia,MXN,ACTIVE
CLI-AFE2FF5C,"Campbell, Long and Silva",YSJF37676945919663,nathaniel17@preston.com,Namibia,MXN,INACTIVE
CLI-A52523E3,"Bell, Johnson and White",KNZF53135525105053,ubradley@hoffman.com,Netherlands,EUR,PENDING
CLI-472E2F3B,"Franklin, Ware and Heath",CSUN65533077046117,carolyngarza@ray.com,Norway,USD,INACTIVE
CLI-F783B6F6,Johnson-Ferguson,QBKU01716445561857,longheather@snyder-davidson.com,Tajikistan,COP,PENDING
CLI-0C3EDD5C,Taylor LLC,WXNH21358004010414,hailey64@jackson.com,Ghana,EUR,PENDING
CLI-E53DFC49,Walsh-Barnett,,jonestroysmith.info,Svalbard & Jan Mayen Islands,MXN,ACTIVE
CLI-356AD651,"Gill, Palmer and Edwards",JWOU28123567983631,rodney49@garcia.com,Dominican Republic,USD,INACTIVE
CLI-79EAE461,"Schmidt, Bell and Wilson",RCLN32686850745106,mlee@thompson-hill.org,Lithuania,MXN,ACTIVE
CLI-3FBACF5F,Robinson Inc,BSIH18143966613473,kristibailey@mccarthy-roberts.com,Bhutan,EUR,PENDING
CLI-7A0CD56D,"Torres, Knox and Allen",KVCF25720765024120,tara90@marks-kennedy.com,Svalbard & Jan Mayen Islands,USD,PENDING
CLI-D5DA16FD,Fox and Sons,YEYD14577584745705,jennifer89@rodriguez-jennings.com,Cameroon,MXN,ACTIVE
CLI-5B7117BD,Johnson-Lane,WNLG13614878245569,rlandry@lee-riley.com,Syrian Arab Republic,USD,INACTIVE
CLI-F7D8E086,Roberts-Montes,PVEO28498247414070,justinwatkins@freeman.biz,Guinea,USD,ACTIVE
CLI-E0F3EE66,Glover-Shaw,YREC42369143075366,grasmussen@mora-harper.com,Mongolia,MXN,PENDING
CLI-9402C7BE,Vega and Sons3,IENR34414978266128,gbenson@marquez.biz,Isle of Man,MXN,ACTIVE
CLI-F51E2DF3,Davis-Taylor ,JZHS85298940626078,fcombs@nelson.com,Grenada,USD,INACTIVE
CLI-54D09314,Martinez PLC,,dannysmith@hobbs.com,Lebanon,USD,PENDING
CLI-ED113FAF,Evans Group,FHRI97916202232883,scastillo@garcia.com,India,MXN,PENDING
CLI-6AB9BA0F,Hernandez-Campbell,,michaelmccarthy@palmer-thompson.com,Guinea,COP,INACTIVE
CLI-23D99D90,Glover-Barrett,MCUP67929884259959,bjones@moore.info,Gibraltar,EUR,PENDING
CLI-E658EB6A,Chandler Group,YNCB94101759025176,vanessaberry@gonzalez.info,Philippines,COP,ACTIVE
CLI-6F1EC0DE,"Stokes, Lee and Perkins",UVDG02056981528733,wmason@yoder.info,Japan,MXN,ACTIVE
CLI-C84A89B8,"Evans, Wilson and Hall",TRKA34465124189389,reginald08@snow.com,Palau,USD,ACTIVE
CLI-3354B4BE,Barron-Brown,GRXK03719905169918,rpotts@williams.com,Jersey,MXN,INACTIVE
CLI-F8B1F902,Smith Inc,AYZZ38960870662668,darrellwilson@haas.biz,Uruguay,USD,ACTIVE
CLI-02929D3D,Gutierrez PLC,SBZA30102724055934,catherinemendoza@douglas.com,Wallis and Futuna,EUR,INACTIVE
CLI-5B619EBE,Wallace LLC,LYRJ38458810569741,rhondaskinner@hall.com,Saint Kitts and Nevis,EUR,ACTIVE
CLI-70B6052F,"Duran, Benton and Smith",BIIS64104967066703,nicolaskeller@williams.com,Vietnam,USD,PENDING
CLI-EC35FB0C,Patrick-Garza,YAKX96601864876998,francisco67@riddlecom,South Georgia and the South Sandwich Islands,COP,ACTIVE
CLI-8AF53D42,Morgan-Foster,TILI49014954277070,wjohnson@little-hawkins.biz,Azerbaijan,USD,INACTIVE
CLI-50640AE6,Alexander LLC,YZII72322903102879,bobby30@braun.com,Mauritius,USD,PENDING
CLI-13D5AC4F,"Wallace, Dixon and Young",KSLV61642059556574,martinbradley@buck.com,New Caledonia,EUR,INACTIVE
CLI-BDF68EB0,"Logan, Marquez and Case",MSBV26113989868180,hhopkins@stewart-lee.org,French Polynesia,EUR,INACTIVE
CLI-FA3BC921,Hall-Edwards,,sarasanchez@craig-wade.org,Eritrea,COP,INACTIVE
CLI-6893A38A,Wagner-Hernandez,PUYG27021648712060,veronicaanderson@sellers.biz,Qatar,EUR,PENDING
CLI-E5BDBB3E,Vargas-Jensen,XBCX57676472298120,emily76@gonzales-romeroorg,Fiji,USD,ACTIVE
CLI-0C5C9940,"Holmes, Fox @nd Romero",NJKM52203684995154,davidhill@walker-jackson.com,New Caledonia,USD,ACTIVE
CLI-1891E25C,Arnold PLC,YFAT08830705349678,mariahphillips@moran.info,Tuvalu,MXN,INACTIVE
CLI-230681AA,Dennis-Wilson,LZCX31528547815061,james80@burton.com,Peru,EUR,INACTIVE
CLI-D059B594,Gross LLC,EGUC83061789320649,pwelch@bailey.com,Tajikistan,EUR,INACTIVE
CLI-CBF78EB1,"Myers, Howard and Castillo",DHDY46753612751562,flarsen@jenkins.net,Cuba,MXN,ACTIVE
CLI-42F88FC5,"Stewart, Myers and Ramos",MIBI73504763928319,david80@smith.com,United States Minor Outlying Islands,COP,PENDING
CLI-84C62E4B,Cox and Sons,FRMW34255638300081,cmoody@campbell.com,Norfolk Island,EUR,ACTIVE
CLI-D0207EDE,Rios-Anderson,XICC18600892196394,ronald04@stevens-garcia.org,Latvia,MXN,INACTIVE
CLI-F785DCC1,Hoffman-Webb,WRQH60765817390637,thomas14@thomas-soto.com,Bhutan,EUR,ACTIVE
CLI-97E9AFE2,Miller Group,TPQX93074645205996,adamsjason@norton.com,Gibraltar,MXN,PENDING
CLI-DBD0AD57,"Haney, Miller and Garcia",WCME02812371067287,kaitlynpayne@smith-wilson.com,Saint Helena,COP,PENDING
CLI-5F234322,"Santos, Thomas and Mills",GZTW58947735228705,ewhite@holder.com,Reunion,EUR,ACTIVE
CLI-75666394,Davis-Weber,TFCL83503446945964,chrishernandez@robinson.com,South Georgia and the South Sandwich Islands,MXN,INACTIVE
CLI-9798739E,"Ramirez, Aguirre and Savage",VPGF03319222705102,ecoleman@turner-wolf.com,Monaco,MXN,INACTIVE
CLI-797763FE,Collins-Boyd,QCTG24268774186520,melissa56@jensen.biz,Holy See (Vatican City State),EUR,PENDING
CLI-712C3126,Fox-Smith,JKDL48094047604409,roysara@chen.net,Sri Lanka,USD,ACTIVE
CLI-E4EE8F51,"Hern@ndez, Fitzgerald and Pitts",ECND07051843905529,zachary66@caldwell.net,Cameroon,COP,ACTIVE
CLI-4688D612," Gonzalez, Wagner and Thompson",XAJI85157919711121,lonniesims@wang.com,Northern Mariana Islands,COP,INACTIVE
CLI-F1780077,Parker Ltd,UGXY24064242956334,gregoryphillips@gonzales.com,Guernsey,MXN,PENDING
CLI-09673567,"Cruz, Medina and Clark",WNLU43588418343740,holmescrystal@taylor-willis.com,Mongolia,MXN,PENDING
CLI-5286F977,"Garcia, Howard and Santana",,esimon@king.org,Guadeloupe,MXN,PENDING
CLI-F884195D,Hines PLC,DNNY49690282498392,elizabethkramer@waller.com,Spain,COP,INACTIVE
CLI-003742AE,"Hernandez, Andrade and Turner3",CFHG61328507251786,robertabarnett@mccarthy-hines.com,Iceland,EUR,INACTIVE
CLI-665EC4DD,Villanueva-Weiss,XNTM81579039235558,bishopkaren@brewer.info,Comoros,USD,ACTIVE
CLI-56EF26A3,Valdez-Simmons,JJMV70462268171516,martindavid@cruz.biz,Jamaica,USD,INACTIVE
CLI-A25580EF,Munoz Group,QLYP58512686120594,zacharymendez@graham-marshall.com,British Virgin Islands,MXN,INACTIVE
CLI-996D9303,"Wood, Simmons and Leonard",YARI24560754091508,fwrightdavis.biz,Uganda,COP,INACTIVE
CLI-9E0383D4,Sellers Ltd,QSOB15502916815466,whitejulie@delgado.biz,Brazil,EUR,PENDING
CLI-9D96BF5E,"Ryan, Leon and Benson",BLSP36424809624406,andrewperry@hill.org,Somalia,COP,ACTIVE
CLI-B58194E0,Walker-Carr,XWTO96958678055557,stevennewton@patel.biz,Equatorial Guinea,MXN,ACTIVE
CLI-F7BCBC14,Welch PLC,LCGX85445770299295,wperry@potter.net,Samoa,MXN,ACTIVE
CLI-21B6EB84,Lawson-Atkinson,DMGG19422686536945,crystal58@patel.info,France,MXN,ACTIVE
CLI-6669F679,Smith-Gallegos,YOUF16966630932998,greenejessica@nguyen.com,Montenegro,MXN,PENDING
CLI-05D0F23A,"Guzman, Clarke and Price",QGFO53273524103977,gabrielawallace@robles.net,Norway,USD,PENDING
CLI-EB8F54D8, Sanchez Ltd,CAXB68761648198077,carterraymond@mack.net,Norfolk Island,MXN,INACTIVE
CLI-255F30B9,Chang-Riley,ZDXF56523734151773,matthew75@lyons-carroll.org,Argentina,EUR,ACTIVE
CLI-3894DE06,elliott-reeves,JWFS47742229464303,eddie04@griffith-mcgee.net,Iraq,MXN,PENDING
CLI-581E60EF,"Moore, Farrell and Edwards",LMPU28727601534332,charlotte13@porter-hudson.com,Tajikistan,EUR,PENDING
CLI-08683CBF,Sims-Crane,QCIR88107983342337,billylynch@ramirez.com,United Kingdom,EUR,PENDING
CLI-3A4317A1,Willis PLC,PODR05137171731893,aevans@jordan.info,Slovakia (Slovak Republic),EUR,PENDING
CLI-C16B44E1,Gay-King,NTIP25878444835488,connie12@smith-barry.net,Latvia,MXN,ACTIVE
CLI-6E988798,"Torres, Schaefer and Ramos",UVRF31334845871493,mariolee@floyd-phelps.org,Panama,EUR,INACTIVE
CLI-794954DB,"Larson, Butler and Barber",HIPJ52455574696606,schmittmichael@proctor.com,Svalbard & Jan Mayen Islands,EUR,ACTIVE
CLI-4B77CF1C,Johnson-Simmons ,MKRR33987411325797,harringtonpeter@tuckerbiz,Bahamas,USD,ACTIVE
CLI-89B3889D,Kim-Mitchell,PEXC56229493817359,angela40@barton.com,Timor-Leste,COP,INACTIVE
CLI-2F23CD0C,Mcdonald-Murray,KGVW44902166670808,allen60@marks.com,Morocco,COP,PENDING
CLI-90B7F26F,mccann inc,RFZQ19793164772512,shawn60@andrews-smith.biz,Andorra,USD,ACTIVE
CLI-42442FCE,Silva LLC,ROUV39592323421089,chanamber@murphy.com,Palestinian Territory,EUR,ACTIVE
CLI-FDB269E5,Hall-Gillespie,YLAE71607360776336,davisgregory@ramsey.com,Wallis and Futuna,MXN,PENDING
CLI-FECFC0DB,Perry-Clark,CZQL74817006661554,hamiltonmelanie@perez-haynes.biz,Turkey,MXN,ACTIVE
CLI-BAC8F92F,"Merritt, Williams and Boone",FSAE82270093459626,gregstone@harmon.com,Haiti,USD,ACTIVE
CLI-4E5A4392,Garrett-Stout,,smithphyllis@barnes.com,Lebanon,MXN,INACTIVE
CLI-70BF1783,Vincent Ltd,AJPP42585917793238,lindathomas@miller.org,Bosnia and Herzegovina,EUR,ACTIVE
CLI-A8CC6E3B,Murphy-Dickson,VSQQ94256529060320,cynthiaconley@martin.com,Montserrat,MXN,INACTIVE
CLI-A0F35470,"Sullivan, Haney and Chavez",IROD48552457871584,caseyronald@oconnell.com,Denmark,MXN,ACTIVE
CLI-4BB3E035,Marks LLC,ONRC82683230358929,mcbridemichael@steele.com,Holy See (Vatican City State),EUR,ACTIVE
CLI-A2624FD2,"Perez, Arias and Moran",RTNG40646867752401,jeanette43@austin.biz,Burundi,EUR,INACTIVE
CLI-F8DB37F6,Myers and Sons,UNMS33513426192372,kathleen01@collins.info,Djibouti,MXN,INACTIVE
CLI-BE2F7685,"Gibson, Jones and Werner",XKIB64176927438119,john76@brown-garcia.com,Tajikistan,COP,INACTIVE
CLI-6B6DE0DA," Huff, Bird and Miller",DWZP39739641789969,gwilliams@massey.com,British Indian Ocean Territory (Chagos Archipelago),EUR,INACTIVE
CLI-E75EC164,"Fisher, Long and Garner",LUZO79806603920514,upham@atkinson-king.com,Guinea,EUR,INACTIVE
CLI-53133EA1,Lyons-Walters,YZFG88565271559835,craig16@howell-fowler.biz,Cook Islands,COP,PENDING
CLI-CE4F4C66,Hu@ng-Fischer,FKAD39488488269131,dawsonrobin@sullivan.net,Guinea,MXN,ACTIVE
CLI-D8528ABB,"Olsen, Clay and Carter",SCKH70382407333373,alexandersanchez@mathewsinfo,Israel,EUR,INACTIVE
CLI-94B59339,Burton-Oneal,MXIW54655358512538,colinlowery@erickson.org,Denmark,COP,PENDING
CLI-8DD7B77D,Marshall PLC,BOTO79612087805721,cameron49@valentine-luna.org,Liechtenstein,MXN,PENDING
CLI-FC78090E,Lewis-Hayes,RWVJ53986289509059,hamptonchad@moreno.com,Saint Martin,EUR,ACTIVE
CLI-C24217C5,Houston Inc,UPXD51169666725214,gregory64@davis-green.com,Denmark,COP,PENDING
CLI-73A469A5,Warren Inc,TBRB51208005640995,sosajacob@jimenez.com,Tunisia,EUR,PENDING
CLI-E4353335,Mccarthy-Hobbs,FQEO09081441529821,jlee@mora.net,Switzerland,MXN,INACTIVE
CLI-8DF1363A,Morgan LLC,EHPG60507918158998,psherman@campbell.info,Serbia,EUR,INACTIVE
CLI-677C25B0, Bennett-Henry,PDKR79647408031499,daniellestevenson@johnson.com,Mauritania,USD,PENDING
CLI-8224DA50,"Sweeney, Hicks and Maldonado",,adam35@benitez.com,United States Virgin Islands,MXN,ACTIVE
CLI-3F05344C,"Barnett, Macias and Henderson",SWUJ34606664374906,dominguezshane@norris.com,United Arab Emirates,MXN,ACTIVE
CLI-2AD88BCA,"Scott, Becker and Arias",MJRJ49411631873280,hmendoza@johnson.com,Belize,USD,ACTIVE
CLI-7027E1F1,"Thomas, Harper and Williams",QYGY35090254257306,shernandez@brown.info,Anguilla,MXN,ACTIVE
CLI-874F7C5C,Hawkins-Thomas,,dsmith@mack-wilsoncom,Serbia,USD,PENDING
CLI-A61BDC7D,Pineda-Newman,,dana26@macias-richardson.com,Jersey,COP,ACTIVE
CLI-B5EF818B,"Christian, Archer and Martinez",ULGM66777675556283,jayleegould.org,Haiti,MXN,PENDING
CLI-6880534F,Schneider-Lewis,EPDR74960335826862,njohnson@bradley-jackson.org,Seychelles,EUR,PENDING
CLI-CD03A402,Hernandez LLC,OHXE75998011100051,sarah53@hernandez.com,Nigeria,COP,PENDING
CLI-799F52C0,Padilla-Roberts,DZRF22618962887431,reginadavis@taylor.info,Hong Kong,MXN,ACTIVE
CLI-B028BAFC,Galvan-Richards,FOAP95515122946213,kelly15@terrell.org,Israel,EUR,INACTIVE
CLI-836FAD38,Hendrix-Strong,APKF03447650471580,monicahouse@navarro.com,Hong Kong,EUR,INACTIVE
CLI-B1FE69B8,"nelson, brooks and richardson",QZNN52548374417158,johnsondavid@sanchez.com,Bahrain,EUR,PENDING
CLI-165EFFD1,Smith Inc,XZKT12975191023121,smithlatasha@clark.com,Iceland,COP,PENDING
CLI-D14B049B,Erickson Group,TWFP49072801234289,hollywarner@lopez.com,Central African Republic,MXN,PENDING
CLI-99FF70C6,Hunter-Mitchell,NILX38044210175096,craigrachel@smith-garner.com,Ghana,COP,PENDING
CLI-F5946DE4,Carroll Ltd,KOLX75747583392056,uhobbs@ford-nolan.info,Cape Verde,EUR,PENDING
CLI-F31B3888,Marks LLC,MUEM50622923106724,james76@torres.com,Denmark,EUR,INACTIVE
CLI-6ECFAAB4,Valentine-Moore,VBLD15794238736704,matthewcollins@patterson.com,Guam,COP,PENDING
CLI-90B950BB,Brown-West,NHGK35748595325939,lisawright@harrison.com,Hungary,EUR,PENDING
CLI-7DAE4677,Morrison-Macdonald ,XICO63425073305597,kristenfrye@galloway-jacobs.net,Cook Islands,EUR,PENDING
CLI-BBC1686B,Moss and Sons,QZQJ36604432400615,jparsons@garrett-peters.org,Kenya,COP,ACTIVE
CLI-46A49F8D,Mccarthy Group,JFSE50105875256806,randall59@schneider.org,Saudi Arabia,USD,PENDING
CLI-B6B2B13C,Crawford Inc,EEDQ23155516517680,zmay@moore.info,Cayman Islands,USD,INACTIVE
CLI-A50EE5E7,"Grant, Williams and Cameron",HPBB33228556608470,cpierce@lawrence.com,Myanmar,MXN,ACTIVE
CLI-94E2A33D,Hicks-Calderon,MGER09448586239453,rachael61@mitchell.net,Sierra Leone,MXN,ACTIVE
CLI-63300EE1,Newton and Sons,GYSX43945703943804,robinsonhenry@clark-arroyo.biz,Saint Helena,COP,INACTIVE
CLI-C0FCE144,Mccall Group,RTJZ31910090040476,coltonrichardson@lee.com,Fiji,MXN,PENDING
CLI-08F548E7,Turner LLC,OZGD07201137984409,sbrownlewis.biz,Antarctica (the territory South of 60 deg S),USD,INACTIVE
CLI-6994A2CA,Dudley PLC,BVCY44734043370096,tconner@williams.info,Swaziland,MXN,PENDING
CLI-E6DDBBE3,Barber-Fernandez,KXUL62965754278656,guzmannicole@middleton-brewer.info,Sao Tome and Principe,EUR,ACTIVE
CLI-DC160E3D,"Thomas, Peterson and Chen5",,jodisutton@burns-nguyen.com,Mexico,MXN,PENDING
CLI-38151095,"Bell, Russell and Walton",DHUU72308172143643,lynnjames@johnson.com,Colombia,USD,ACTIVE
CLI-1E73B307,Duffy-Stanley,AWTJ56534699799070,bflores@haynes-callahan.biz,Sao Tome and Principe,USD,INACTIVE
CLI-E171582B,Avery-Cohen,AMBP17481131765397,morrisangela@bond.com,Poland,EUR,PENDING
CLI-073A7522,"Wallace, Shaw and Ford",WSMZ80491872742049,ronald21@olson.com,Iceland,EUR,INACTIVE
CLI-39323A07,Glenn-Silva,,cynthia16@johnson-graham.biz,Bangladesh,USD,ACTIVE
CLI-AA29EE4C,Wells-Hunter,HEDA21923785847129,cwilson@harris.com,San Marino,MXN,ACTIVE
CLI-C9C01379,Rodriguez Ltd,ISQA42537337773126,thomasdavid@thomas.com,Mongolia,EUR,ACTIVE
CLI-D6FB3A95,"Ward, Perez and Baker",BYNB56035679327986,johnboyd@mejia-reynolds.com,Israel,USD,PENDING
CLI-C6EC9E60,Mejia Inc,LIMI75489547876989,taylordavis@hester-patel.org,Norfolk Island,USD,INACTIVE
CLI-4570B7FE,Wheeler-Perez,KHSG54358644963924,gloriaward@tran.net,China,USD,PENDING
CLI-A37AFC5C,Harris Ltd,KFUZ75367497852491,david68@smith-lopez.com,Vanuatu,MXN,INACTIVE
CLI-9565BC2F,Dixon-Fisher,IBNU79176651221500,ramirezamy@anderson-davis.biz,Costa Rica,USD,PENDING
CLI-1C86CF6F,Davila-Ball,JNHH39994853208953,lindabryan@weaver.com,Bermuda,COP,INACTIVE
CLI-D86AF8F9,Walker-Stevens,FFHI10346996733116,vramos@jefferson-christensen.com,Mauritius,COP,ACTIVE
CLI-6FC8503C,"Peterson, Smith and Romero",MOTG52196263355643,rachel69@yu-parks.org,Ecuador,USD,INACTIVE
CLI-638CF9E3,"Reed, James and Henry",XONC64534547223989,meghanwerner@williams-perez.com,Bermuda,USD,INACTIVE
CLI-4151344E,Hernandez-Thomas,NIFH64281319092487,pjacobson@morton.org,Rwanda,USD,ACTIVE
CLI-D139E6D8,Ferguson Group,RYLX22823052480880,dtaylor@moore-anderson.org,Syrian Arab Republic,COP,PENDING
CLI-23D99D90-DUP,Glover-Barrett,MCUP67929884259959,bjones@moore.info,Gibraltar,EUR,PENDING
CLI-E39836BB-DUP,Allen Inc,DTBO90306738302843,barbara53@walter-odom.net,Cyprus,MXN,INACTIVE
CLI-BDF68EB0-DUP,"Logan, Marquez and Case",MSBV26113989868180,hhopkins@stewart-lee.org,French Polynesia,EUR,INACTIVE
CLI-DBC6C928-DUP,"Williams, Garcia and Martin",GIPU17545588450615,barbarasantos@thompson.net,Libyan Arab Jamahiriya,MXN,ACTIVE
CLI-73C374A6-DUP,"Adkins, Wright and Murray",ZZED00323651994101,rachelramos@davis.com,Armenia,MXN,ACTIVE
CLI-E4EE8F51-DUP,"Hernandez, Fitzgerald and Pitts ",ECND07051843905529,zachary66@caldwell.net,Cameroon,COP,ACTIVE
CLI-E5BDBB3E-DUP,Vargas-Jensen,XBCX57676472298120,emily76@gonzales-romero.org,Fiji,USD,ACTIVE
CLI-8C1AB2C7-DUP,Wells-Hernandez,WVUA46184992618914,glovertyler@gonzalez.com,Guinea-Bissau,MXN,INACTIVE
CLI-A42D0CD7-DUP,"Warren, Small and Anderson",QOIG15274205493296,frobertson@caldwell-lopez.com,Lesotho,COP,ACTIVE
CLI-8224DA50-DUP,"Sweeney, Hicks and Maldonado",BGDO23513739900631,adam35@benitez.com,United States Virgin Islands,MXN,ACTIVE
CLI-50FD9D3F-DUP,Harris-Moran,HIME47510799118384,sarahibarrawood.info,Syrian Arab Republic,COP,PENDING
CLI-FA6D81EE-DUP,Carroll Ltd,LDSP12847818913718,chloe58@harrison.info,Montserrat,COP,INACTIVE
CLI-9D96BF5E-DUP,"Ryan, Leon and Benson",BLSP36424809624406,andrewperry@hill.org,Somalia,COP,ACTIVE
CLI-B1FEAD13-DUP,Mendoza and Sons,MKJX79356465193982,bentonsteven@clark.com,Svalbard & Jan Mayen Islands,MXN,PENDING
CLI-8AF53D42-DUP,Morgan-Foster,TILI49014954277070,wjohnson@little-hawkins.biz,Azerbaijan,USD,INACTIVE
CLI-DBD0AD57-DUP,"Haney, Miller and Garcia",WCME02812371067287,kaitlynpayne@smith-wilson.com,Saint Helena,COP,PENDING
CLI-D86AF8F9-DUP,Walker-Stevens,FFHI10346996733116,vramos@jefferson-christensen.com,Mauritius,COP,ACTIVE
CLI-96418CED-DUP,"Duarte, Burns and Hernandez",RPLK88675339636057,qhughes@pollard.net,Nauru,COP,ACTIVE
CLI-0F9027D5-DUP,"Lee, Olsen and Simpson",RQCF78686694320293,suarezkrystal@gordon-le.com,Gabon,EUR,INACTIVE
CLI-F7BCBC14-DUP,Welch PLC,,wperry@potter.net,Samoa,MXN,ACTIVE
CLI-C6EC9E60-DUP,Meji@ Inc,LIMI75489547876989,taylordavis@hester-patel.org,Norfolk Island,USD,INACTIVE
CLI-4570B7FE-DUP,Wheeler-Perez,KHSG54358644963924,gloriaward@tran.net,China,USD,PENDING
CLI-AA2FD9D1-DUP,Moore-Andrews,JSGQ74302716938597,cford@davis.com,Reunion,COP,INACTIVE
CLI-9402C7BE-DUP,Vega and Sons,IENR34414978266128,gbenson@marquez.biz,Isle of Man,MXN,ACTIVE
CLI-52555C75-DUP,James-Ferguson,LJIL87717535560932,greensarah@cortez.com,Hong Kong,EUR,INACTIVE
