payment_id,invoice_id,payment_date,amount,method,reference
PAY-DD0F8A48,INV-1457570D,2026-03-14,1110.18,PAYPAL,OWCU51041367776795
PAY-33A46197,INV-9544234E,2026-05-24,5113.12,PAYPAL,ITMP37196755791209
PAY-EC2E4DF1,INV-3E190E81,2026-03-24,1823.81,BANK_TRANSFER,JGRX82697694136674
PAY-8196DC19,INV-81951A47,2026-03-13,3383.02,CRYPTO,TAQY78639141835909
PAY-CA3A6674,INV-C1840A08,2025-11-29,1356.81,CRYPTO,IFOB72544527861095
PAY-46FAE30D,INV-2296DE7C,2026-05-10,1028.86,CRYPTO,KCTH91460378280356
PAY-E7706BB6,INV-C413A659,2025-05-12,700.09,BANK_TRANSFER,RPPO07501399392567
PAY-FE0E8695,INV-C8EEEAAD,2026-02-10,1577.1399999999999,BANK_TRANSFER,YVZM31771862667861
PAY-C3FE9C83,INV-2B342A75,2026-02-19,4167.43,PAYPAL,ZRDH03262498640946
PAY-73D7966B,INV-379C2A7A,2026-05-24,1207.33,BANK_TRANSFER,HMJI34954121762080
PAY-3FE1606A,INV-67439B98,2026-04-16,2215.54,PAYPAL,RAAZ92053650456869
PAY-1462B49F,INV-02D80D4C,2026-04-18,5063.19,PAYPAL,GCZK24041575842768
PAY-CF902F37,INV-B4FE1EB8,2025-11-03,4316.97,CRYPTO,XSXG33356942018445
PAY-D387632E,INV-EB7FB6F8,2026-05-16,1766.27,PAYPAL,SWYL06410318417326
PAY-6D9326E4,INV-5467601E,2026-03-25,932.5,BANK_TRANSFER,JNXC20384672644019
PAY-2C423366,INV-CA72280E,2026-05-22,4486.29,STRIPE,JVGK35425628607813
PAY-7461FD48,INV-42D9F538,2026-04-21,3338.57,STRIPE,HXYI07491850582405
PAY-59F03243,INV-693CFCFF,2026-04-24,3768.0,STRIPE,MTAV61195973725303
PAY-4F3340B3,INV-0FBB4D44,2025-12-27,4511.389999999999,BANK_TRANSFER,IYER05400923195078
PAY-579EFFAD,INV-23254F28,2026-02-25,5444.04,STRIPE,BHYI32926205555628
PAY-BBB54E44,INV-5FC2CD26,2026-05-17,1935.02,PAYPAL,ZHTH99431095188857
PAY-C903AE55,INV-CCE70AB7,2026-04-15,975.8699999999999,STRIPE,VSKP28397830189865
PAY-4ADB6881,INV-E6723A7F,2026-03-28,2246.48,STRIPE,OYJK62567032718875
PAY-CB6F70EC,INV-055BA467,2026-04-13,5506.52,STRIPE,VEBP52046907439064
PAY-7EB3CBE9,INV-BDF480B7,2026-02-10,981.0,PAYPAL,BEJU44073197189011
PAY-E8E77D1E,INV-66C5A772,2026-04-04,682.77,STRIPE,XMTZ42616664710793
PAY-FD180366,INV-3D3CA786,2026-05-25,2243.06,STRIPE,RHDV30016183215290
PAY-11C87F0D,INV-238B67BA,2026-05-21,4352.2,CRYPTO,MWWI30860428316723
PAY-408BD3A6,INV-B9599622,2026-05-22,1066.61,CRYPTO,DBMB60673778892141
PAY-9BAAE406,INV-7CC818D9,2025-08-29,1973.24,BANK_TRANSFER,PTZR01170564765857
PAY-E2EB185F,INV-154E807D,2026-03-14,4458.4400000000005,PAYPAL,MUOX59479109999378
PAY-379B39B2,INV-0446521E,2026-04-06,1396.21,STRIPE,JKGG43049820700026
PAY-430B4E2C,INV-54B26492,2026-02-05,2139.89,PAYPAL,ZWYT64163825117230
PAY-29F25560,INV-EDC94FF9,2026-02-04,3854.46,PAYPAL,MHVH08048088611258
PAY-3B4E6D3B,INV-E7EA49EE,2025-04-25,3960.45,BANK_TRANSFER,VYOP21127168109817
PAY-3BA484A9,INV-67D6BD8D,2026-05-20,5718.24,PAYPAL,CKEN73711070686864
PAY-19D14BF2,INV-D4159588,2026-05-15,9821.779999999999,PAYPAL,LTJN89537425257768
PAY-7B7D9D4A,INV-BEAE7E2C,2026-04-27,3002.17,PAYPAL,VSLC66032370140950
PAY-13A10CD4,INV-5FFE6918,2025-02-25,4118.030000000001,STRIPE,TTMX32304772596115
PAY-B4848204,INV-3D2DC751,2025-02-15,649.1,PAYPAL,HZYQ41629062881566
PAY-F86AD9E6,INV-07266942,2026-05-06,651.75,STRIPE,LCUQ34349363568087
PAY-3FB32962,INV-A125A169,2026-05-08,448.28,PAYPAL,JWID67621874309647
PAY-23DAE87E,INV-EE6FF30B,2026-03-16,1592.3700000000001,PAYPAL,XJQP09295162890845
PAY-23CD95E2,INV-9398BC57,2025-09-02,2797.81,PAYPAL,HDFK81287663404197
PAY-EB86F66C,INV-A1AF3954,2026-05-25,2015.6,CRYPTO,KWFY24696851692175
PAY-B00B67DA,INV-E2DACD4B,2026-05-20,4318.87,BANK_TRANSFER,KIUO05005745807664
PAY-39D0F832,INV-8E45720C,2025-10-17,1902.31,PAYPAL,DFON07833594822452
PAY-8A845C6C,INV-AAB18E54,2026-01-02,4847.1,CRYPTO,AVGL34176546141191
PAY-C69FCA09,INV-1AED280A,2026-03-24,347.27,PAYPAL,SUVV12983584480127
PAY-FACA1A8F,INV-51642DE2,2026-05-15,2446.24,STRIPE,KMUQ53909174479408
PAY-CD575A79,INV-66B98374,2026-05-12,6838.45,PAYPAL,FSUB64199658402937
PAY-51A90D63,INV-2CB9AA93,2026-03-30,785.09,PAYPAL,QAFH86562600805980
PAY-C4B63435,INV-7D74DBF1,2026-04-01,5204.52,STRIPE,AWHA05378286872203
PAY-10016329,INV-5FB26626,2026-05-19,33.37,CRYPTO,SXFF39766215415198
PAY-ADD0A36A,INV-62FA1757,2026-05-08,5428.29,CRYPTO,XETV29428635834926
PAY-8A6552BA,INV-9C940C89,2026-02-23,49.95,BANK_TRANSFER,TKLT10923355885728
PAY-372E1B58,INV-8E8B30DA,2026-01-09,10062.5,STRIPE,NCVT05587530296149
PAY-AD2FF441,INV-7A3997F4,2026-03-22,2973.09,BANK_TRANSFER,CNOS52027989145481
PAY-F559B947,INV-ACEFFAA8,2025-04-14,232.67000000000002,PAYPAL,QIKZ84874940092628
PAY-58BA6E30,INV-CCF6F9F0,2025-12-12,1780.9699999999998,STRIPE,PVFA08057019743575
PAY-58061F03,INV-EEC58BCC,2026-05-22,2800.22,BANK_TRANSFER,UNQA84690015812362
PAY-A540E790,INV-A5FBBEDB,2026-05-16,311.92,BANK_TRANSFER,ZPVB02519067244609
PAY-B06897C7,INV-9002E0D3,2025-11-07,4440.6,PAYPAL,JRPP47630835728909
PAY-0975C9C8,INV-51BB56FC,2026-03-22,385.76,CRYPTO,HIUO41804202230597
PAY-FBED24E5,INV-616ABF8C,2026-05-01,3266.2200000000003,CRYPTO,RYUY28765755525868
PAY-5C2ED7BF,INV-33104966,2026-04-14,5862.509999999999,CRYPTO,YMIQ78264871300025
PAY-3FD3D6A6,INV-9297E211,2026-04-21,1500.11,CRYPTO,TQLE94844704145056
PAY-6D6A093B,INV-04011498,2025-12-03,4674.89,BANK_TRANSFER,UDCQ19613875955942
PAY-AA48ACEF,INV-267706BD,2026-04-30,5286.37,PAYPAL,JCTV97711801677436
PAY-F8DB011E,INV-A3EF973C,2025-12-16,4813.59,BANK_TRANSFER,TEOD43694749347688
PAY-A1C123E8,INV-F89C03FD,2026-05-17,3028.52,CRYPTO,ZOMJ58084319652179
PAY-DC0ADF0C,INV-D770A730,2026-04-26,4045.8,STRIPE,ENAL57402845958769
PAY-2BAA7981,INV-9FCD0BD6,2026-05-22,126.94,STRIPE,HBPQ37318359412345
PAY-CF9793E3,INV-3FF5359D,2026-05-16,3844.59,STRIPE,XFJL57116274351492
PAY-7EEDC1CA,INV-309C5B52,2026-01-04,6238.96,PAYPAL,GDOI02810607634433
PAY-A64915E6,INV-1B504D43,2026-05-25,2733.0,CRYPTO,GHXL64162987025215
PAY-F4E21338,INV-15FD2682,2026-05-09,691.7,BANK_TRANSFER,DPEU36850448526023
PAY-41A80334,INV-E7A05F0E,2025-07-09,226.19,BANK_TRANSFER,XLZH06113900458927
PAY-4498E1B7,INV-5F8AB644,2026-03-23,697.34,CRYPTO,BYLN83355563859818
PAY-35BBB820,INV-15ECC9C4,2026-05-16,5541.12,CRYPTO,JQZM98005573380792
PAY-02920AAB,INV-4534A7D7,2026-01-22,604.94,CRYPTO,LADO50566558990658
PAY-BFAC883B,INV-26F317F0,2025-12-21,1926.15,PAYPAL,FGFJ20430063191069
PAY-61BDBE67,INV-F5D9E94E,2026-04-16,1129.98,BANK_TRANSFER,SCYV14202861223286
PAY-1EE0946C,INV-F082C877,2026-02-14,945.09,PAYPAL,UJKJ22492243023200
PAY-9A85BAFB,INV-1A0E54F9,2026-05-08,548.83,PAYPAL,IVHK09791353295617
PAY-E4EEF5B9,INV-B8258E42,2025-12-17,3626.77,BANK_TRANSFER,NXPZ64089779536140
PAY-0DC2CEE5,INV-3F34A4AF,2026-05-06,986.76,PAYPAL,MBEP31567261736292
PAY-787F6169,INV-D0445354,2026-04-16,1575.01,CRYPTO,GRXX24382146292222
PAY-85A4AA43,INV-EF040A3C,2026-04-13,1640.06,STRIPE,GQKF23590627094014
PAY-ECA83BA9,INV-E8F2D001,2026-04-05,1512.24,PAYPAL,IZLM70893935046293
PAY-1CE96F92,INV-5689E017,2025-08-10,5369.89,PAYPAL,KRZX33878959190530
PAY-8FB770B3,INV-DABEC72A,2026-05-14,4664.2,BANK_TRANSFER,BQWF57232300708618
PAY-64D11A12,INV-583BFC76,2026-05-17,94.49,BANK_TRANSFER,OXUY52914835650869
PAY-D82D6041,INV-97F1705C,2026-04-30,1644.83,STRIPE,XFKE54110556241266
PAY-06B317E8,INV-6D2DBFDD,2026-04-22,99.13,BANK_TRANSFER,BXKS64703364245320
PAY-23E644A7,INV-3B21D4BF,2026-05-17,2363.15,STRIPE,JHJB37152431091568
PAY-E9E73D57,INV-AE83606C,2026-05-19,818.77,BANK_TRANSFER,HXCX22526497478706
PAY-4A5C5B78,INV-589F5072,2025-02-18,1452.15,CRYPTO,UHBO07810101244805
PAY-20FBF03A,INV-E702CEA2,2025-12-01,1734.54,CRYPTO,JWSU00449100723149
PAY-99D7D298,INV-6A237315,2025-03-29,97.0,CRYPTO,JBIC21070431055031
PAY-09F523C6,INV-5BE7237E,2026-02-06,1251.49,STRIPE,YNOZ51414835156095
PAY-0D3F8431,INV-D310517C,2026-02-18,382.78,STRIPE,KYHR61151116271435
PAY-6494376E,INV-B052DF0F,2025-10-12,3295.59,CRYPTO,KAUI72553107371220
PAY-8BB5A294,INV-3AFB00F9,2026-05-25,5920.049999999999,BANK_TRANSFER,KXXF40886096925336
PAY-EE40ED82,INV-55CE011D,2026-04-19,3931.0099999999998,PAYPAL,ZCSD40099812971922
PAY-4E4FB666,INV-3CBCEEEE,2026-01-30,4197.4,BANK_TRANSFER,WSIT25434502664273
PAY-98602C5F,INV-F2AF8671,2026-04-12,5662.76,CRYPTO,IRCC05129272430677
PAY-62AA7A4C,INV-FD9386D9,2026-05-22,4312.7,STRIPE,APAQ24089351331579
PAY-6EA96992,INV-C4502A4C,2026-03-31,412.11,CRYPTO,UFAC72951266086961
PAY-8DFF4CC2,INV-18744FE8,2026-04-29,4979.15,PAYPAL,TAXS27673608633399
PAY-641B6DE8,INV-848E44DC,2026-01-03,546.34,CRYPTO,NAZW55080050908306
PAY-972D9DB5,INV-A1E0C35E,2026-05-20,444.55,STRIPE,LLNJ41994124361605
PAY-C0684C4E,INV-02C02FBC,2026-05-09,5442.27,STRIPE,OMCS18149836784903
PAY-71443EB0,INV-4B5293E4,2026-03-12,2741.7,STRIPE,DYPN75500437531575
PAY-9EEC645D,INV-AE5361AC,2025-06-19,347.99,PAYPAL,RMBG90367486756753
PAY-E37BAD55,INV-CB7F47C9,2026-03-02,5538.76,BANK_TRANSFER,VWPJ39270812078003
PAY-3FC39402,INV-6C6BC336,2026-03-06,1832.1,STRIPE,QEHI16099097578851
PAY-E14AF332,INV-4719A40B,2026-03-16,4305.45,BANK_TRANSFER,ITBI39461622277261
PAY-CAA6E212,INV-8054A1DE,2026-05-15,1613.26,STRIPE,FXMA28465592189568
PAY-DFA0A8DB,INV-E6199D55,2026-05-21,4844.5599999999995,PAYPAL,GVSO45391802384876
PAY-4148C6BF,INV-A238F54B,2026-03-24,1211.0,PAYPAL,VVYO36090857537947
PAY-A7679AA0,INV-919826EA,2025-09-19,2006.66,STRIPE,AFJS27852346151216
PAY-9BC8C516,INV-406CF489,2026-04-09,2383.86,STRIPE,AMNK89782425658293
PAY-A37C75B6,INV-0DF682EA,2026-05-10,436.93,BANK_TRANSFER,XJUK03986383466908
PAY-FF1630AA,INV-2F97E3AE,2024-09-16,127.21,CRYPTO,ZKHF83153070791904
PAY-6CC1AFC2,INV-4458CE41,2026-05-13,3375.39,STRIPE,LBQW33451298294541
PAY-8F609C12,INV-C3252CEC,2026-05-24,5408.51,BANK_TRANSFER,UPYW42507438203950
PAY-727E2C02,INV-7DE560E2,2026-04-27,2445.75,BANK_TRANSFER,KABY53576036733614
PAY-15A4161A,INV-4F852152,2026-05-25,4482.83,STRIPE,NXHE95661482436485
PAY-73191329,INV-C503E904,2026-01-23,4891.7699999999995,CRYPTO,PGBY61460174196400
PAY-53D0BC94,INV-CE21E01C,2025-04-17,127.44,PAYPAL,VKTU62783877765402
PAY-487A8DA7,INV-C6CC82E1,2025-07-09,1381.32,PAYPAL,OIVA28265652936756
PAY-574F054C,INV-604F29C2,2026-05-13,4337.219999999999,BANK_TRANSFER,AHYJ98939759553642
PAY-4312AC95,INV-0F51CC53,2026-04-13,1410.41,BANK_TRANSFER,IIPM58390187692704
PAY-E79A71C2,INV-05B7802B,2026-04-07,4648.38,CRYPTO,CLYW83443029973854
PAY-47C1B3DB,INV-FA43C7BB,2025-04-05,5570.39,BANK_TRANSFER,RYAJ68869890876342
PAY-1C86E375,INV-AEC0DF66,2026-03-16,2549.9,CRYPTO,GPZR15616217367138
PAY-A3CA7384,INV-ABF8106D,2026-05-18,215.22,STRIPE,SWDM66162469889676
PAY-237C5905,INV-6111FE2D,2025-03-19,2779.29,CRYPTO,SUUF24768670716714
PAY-557FE059,INV-2D317A3E,2026-01-31,1697.93,BANK_TRANSFER,WFGK29800934137345
PAY-D17B4C5F,INV-A76B9D80,2026-05-23,1838.06,STRIPE,LKQF21819517190706
PAY-AADF37CC,INV-C6637058,2025-12-29,1510.9,STRIPE,GDZM45383364255035
PAY-F772A55A,INV-D3B84F55,2025-08-26,1718.31,STRIPE,BDFK46759149995977
PAY-7AE719F8,INV-A422C6CC,2026-01-16,3559.15,CRYPTO,RVXE58320143545636
PAY-FBB7E845,INV-A51432F8,2026-05-25,2135.2,CRYPTO,QNHN44498106326739
PAY-B5AEEB5B,INV-AA6837C0,2026-04-07,6054.09,BANK_TRANSFER,ESJE99211924743506
PAY-2B635065,INV-21AAA0F0,2025-05-31,375.81,PAYPAL,QPED12038299839901
PAY-AD74FC20,INV-FF5EBFCB,2026-05-22,2091.68,BANK_TRANSFER,JPNC68068030400546
PAY-C4CF769E,INV-1F0C6E13,2026-04-16,5257.740000000001,BANK_TRANSFER,GHNA57432111549599
PAY-795680FA,INV-5AAEABD7,2026-03-13,2466.0600000000004,STRIPE,TMTZ09136417659205
PAY-65DE0D3A,INV-FC798076,2026-05-18,1874.02,STRIPE,CNQA11536096439453
PAY-3523915D,INV-22D5DF3D,2025-09-06,3343.4100000000003,STRIPE,SNBD53530532562488
PAY-B03D493A,INV-C61B2165,2026-03-04,2587.9199999999996,STRIPE,ZJTP04648555169324
PAY-7351D3E0,INV-4C11D23B,2026-04-08,672.44,BANK_TRANSFER,DCUS35391038916677
PAY-FBE5B4AD,INV-5B844E63,2025-05-24,5170.16,STRIPE,QKVQ68043942900889
PAY-D414AB5E,INV-91E58B41,2026-01-27,371.45,CRYPTO,QZGT80370377312058
PAY-B0122D2B,INV-5AA24F1A,2026-04-01,1204.39,BANK_TRANSFER,GWBO48781340951405
PAY-D8311287,INV-6330C4BA,2026-02-15,665.27,STRIPE,PBAB48541234810945
PAY-B320BCD7,INV-EC4AC04E,2026-02-09,838.24,PAYPAL,KLNC44129870109321
PAY-6E6AF823,INV-297496DE,2024-10-15,274.46,STRIPE,JQHF40965261216694
PAY-A319CB73,INV-B7D9CD26,2026-05-10,1764.0,STRIPE,CFWG30167965567323
PAY-FC05ED8C,INV-D32ACC65,2026-05-01,5787.68,BANK_TRANSFER,DJHJ46228074905389
PAY-01E58170,INV-41E8E0B6,2026-05-22,4593.28,BANK_TRANSFER,FQUC68362577210872
PAY-D52A66E7,INV-91BA6C3C,2026-05-17,1741.01,STRIPE,LXOS81555184955296
PAY-7BE1C5A6,INV-79F58664,2025-11-15,1002.41,BANK_TRANSFER,EIYQ72980202917265
PAY-2546A888,INV-8E5D790E,2025-11-21,3371.52,BANK_TRANSFER,PQYD31456253030241
PAY-481CEB56,INV-F0FBC188,2026-05-17,762.0,BANK_TRANSFER,FCJH77805592277026
PAY-6645B7DE,INV-E99640F8,2026-05-25,872.21,CRYPTO,TSXQ72569641135076
PAY-73A29E29,INV-9B84D410,2025-01-18,3547.97,CRYPTO,WMGG96800711947505
PAY-E2655D96,INV-F19ABCA9,2026-05-05,1645.23,CRYPTO,ZAXJ22593323814331
PAY-67F750A6,INV-09AD6F07,2026-05-17,1024.98,CRYPTO,JVJN97071198951115
PAY-3D688E94,INV-1D6FD733,2026-05-13,862.08,PAYPAL,PDKU58602642362458
PAY-94AC96F7,INV-0E830BFD,2026-05-21,1937.9,CRYPTO,CZIO87508057117844
PAY-7CC2CD69,INV-7E5E33B2,2026-04-11,252.88,BANK_TRANSFER,FIJH79366604486711
PAY-BD6549E5,INV-56BA4154,2026-03-22,1768.11,CRYPTO,UHJO74967845273318
PAY-51515ADA,INV-3F83FB80,2025-10-14,8052.37,BANK_TRANSFER,JDGZ54557970790770
PAY-35E189D9,INV-C3F36A36,2026-04-29,3041.33,STRIPE,CPGD41272592129856
PAY-5DE1EC2F,INV-E0FA5874,2026-04-27,2624.3500000000004,PAYPAL,KDPP48565264243742
PAY-060F4D73,INV-ADC4D087,2026-05-20,1848.09,STRIPE,ICAN49607265201487
PAY-706A3D20,INV-E5FBAB5D,2026-04-26,874.64,STRIPE,BSHF19569320506506
PAY-B8873754,INV-752DCF24,2026-05-06,3914.59,BANK_TRANSFER,RQII52364941100208
PAY-08BA31A4,INV-89B8BBC5,2026-04-12,5319.54,CRYPTO,EHFD51751967929605
PAY-ADC23158,INV-D7F04AEA,2026-03-12,1090.55,BANK_TRANSFER,FFBP04310772228749
PAY-E99BE389,INV-FB6FED47,2025-10-28,4231.72,PAYPAL,XMPJ28601767873880
PAY-087852B3,INV-58351F3A,2026-02-23,673.98,PAYPAL,VSEG83522377504480
PAY-8CDDCDBA,INV-8D750175,2026-04-24,1583.27,CRYPTO,RINB41261655427933
PAY-21DCC0AD,INV-4E10322F,2025-03-23,682.52,BANK_TRANSFER,VMCX69047610296544
PAY-CBD3FF4E,INV-07E43911,2025-10-27,92.59,CRYPTO,OBFT67050356237246
PAY-65B06CC3,INV-569FED82,2026-02-17,473.39,BANK_TRANSFER,CCSS06563226791117
PAY-9A4FDDDC,INV-ADFDC6E7,2026-04-18,5499.55,CRYPTO,FZSC69422292538418
PAY-F77622EE,INV-0B420D1E,2026-04-07,3555.03,STRIPE,PMLV72245883660798
PAY-337636FF,INV-71F4AD4E,2025-12-02,1439.17,PAYPAL,PQGM15926686680807
PAY-0D04979B,INV-E448E32E,2026-05-15,2600.95,PAYPAL,ZEPL09360470928033
PAY-374687FD,INV-6FC924D0,2026-04-21,2131.87,BANK_TRANSFER,OFPS39226894954276
PAY-C2C742EE,INV-0197106F,2026-03-16,672.36,CRYPTO,XSQG24072819598161
PAY-C04C2016,INV-8A09EBC5,2026-03-20,3052.38,STRIPE,IATG36272445227594
PAY-224402FC,INV-1042D611,2026-05-12,1701.45,CRYPTO,FFED55325016993297
PAY-5697A811,INV-D73E92FF,2026-05-18,1535.4,STRIPE,NARM24951339660575
PAY-65264D3B,INV-362CD88B,2026-05-17,2035.55,CRYPTO,CVCQ13207239191846
PAY-C678BA62,INV-C7D32FBC,2026-02-05,2651.14,PAYPAL,NSWV85167655999196
PAY-67EDD98F,INV-BBED3411,2026-05-19,3898.7,PAYPAL,EGMI49951437043424
PAY-6E09069D,INV-D67BB24D,2025-10-26,3641.63,CRYPTO,OPYI42221242197381
PAY-938AFE91,INV-7DD63B51,2026-04-20,1255.41,PAYPAL,IOGD75102958385083
PAY-350FAEB4,INV-7B0C65EF,2026-05-24,530.2,BANK_TRANSFER,CGKU63431719163354
PAY-DF234AC5,INV-545C3A0D,2026-04-04,4248.92,PAYPAL,HUUQ25417689220682
PAY-B9D02501,INV-84F7E3F9,2026-04-24,5728.55,STRIPE,FQJL71869198162549
PAY-527E8543,INV-B328299E,2026-04-20,2182.98,CRYPTO,KDGG86136746161605
PAY-05142483,INV-C89C6404,2026-02-15,4812.5,PAYPAL,MPCE74706953121789
PAY-C5056122,INV-143807DE,2026-03-20,1794.15,CRYPTO,OEBI18629319167875
PAY-7DCC57C5,INV-85E7EDDC,2026-05-24,2849.64,STRIPE,YDTE55317550461614
PAY-45982E47,INV-697D4C42,2025-11-07,729.63,CRYPTO,EMPK45769094142509
PAY-BB32B05A,INV-3DD54BF2,2025-07-15,2679.06,BANK_TRANSFER,UKFQ82313299678343
PAY-9E1A8A80,INV-FCAC8DA5,2026-03-12,4594.55,CRYPTO,YONH85869225437636
PAY-13AAF091,INV-A74064F6,2025-12-28,446.58,STRIPE,ZNLG59553945069895
PAY-437FD41C,INV-95499817,2026-05-24,3438.67,PAYPAL,ZZBT97285541793943
PAY-1E63FB45,INV-232BDF0D,2025-09-07,5124.19,STRIPE,LIJX09676242857404
PAY-BE9DD3CC,INV-9088EE65,2026-05-05,5420.66,CRYPTO,UWOZ03547663077997
PAY-9530FF89,INV-D964F170,2025-11-28,1163.6100000000001,BANK_TRANSFER,YDTJ07234615041170
PAY-24BEE05C,INV-5D864CB6,2026-05-25,2046.99,STRIPE,YWGT00295011474729
PAY-5EC1C270,INV-4E03D532,2026-03-14,2280.37,PAYPAL,PQGW90497574568442
PAY-3EE1B480,INV-3048C863,2026-04-21,2968.51,BANK_TRANSFER,XNKC90348308241301
PAY-413290AB,INV-3C2A1C9E,2026-03-20,1337.93,BANK_TRANSFER,ZSBG59341773343071
PAY-A02445A3,INV-460E372B,2026-05-24,1387.83,PAYPAL,CZMV06392318678110
PAY-277D05D7,INV-DADF3A15,2026-05-09,1148.43,PAYPAL,RRHM97025795356441
PAY-307301A4,INV-33C42500,2025-05-20,6511.5599999999995,CRYPTO,WFQM39962402384920
PAY-9F7F8FDC,INV-7D511B32,2025-12-24,1031.28,BANK_TRANSFER,ATBT03957286939539
PAY-D4F188E0,INV-5669E397,2026-04-09,5011.410000000001,CRYPTO,WPHH38276534802496
PAY-2BD85572,INV-20A64192,2026-04-06,328.58,BANK_TRANSFER,RLXK20101544484792
PAY-BA52115C,INV-BDA8A949,2026-04-19,567.07,CRYPTO,AGVE21775990254983
PAY-3574240F,INV-305E9F5B,2025-05-21,2007.05,BANK_TRANSFER,DXBH72810297295755
PAY-36F05FE7,INV-38968E31,2025-11-14,3387.91,STRIPE,PYTN33022517666899
PAY-4921C585,INV-B262A22A,2026-03-12,1272.29,STRIPE,GGJL95829565621929
PAY-086AAB2E,INV-F0BEDF9A,2026-03-26,3716.12,BANK_TRANSFER,JCYJ75376378256485
PAY-7F69EB95,INV-AC481003,2025-11-09,5787.27,BANK_TRANSFER,VKVP70518650679964
PAY-95FD62DB,INV-25B900FE,2026-04-15,4318.03,BANK_TRANSFER,TEKN87042646979508
PAY-D6D9DE56,INV-81DC81E0,2026-04-05,396.63,CRYPTO,HQWZ28504162750209
PAY-2F37A236,INV-C027F798,2026-02-13,2306.73,PAYPAL,RAFS44627635148749
PAY-AB9D74B0,INV-23F88146,2025-11-12,3489.83,BANK_TRANSFER,ILYZ89385335849999
PAY-58F25B67,INV-489FAA3A,2025-10-09,1597.46,BANK_TRANSFER,YUUT52287512090181
PAY-751F8769,INV-A77B2089,2026-03-27,5564.460000000001,STRIPE,DCJT63360989105045
PAY-1A1C11EB,INV-60E81149,2026-01-18,4423.55,CRYPTO,UIBA59758344594210
PAY-4B5E5448,INV-4BF3A240,2026-05-22,3177.06,PAYPAL,RUNK49078725505415
PAY-753FFC23,INV-FCF4DD11,2026-05-13,4291.47,CRYPTO,YOAO96061694135128
PAY-99D7A574,INV-91A23603,2026-03-10,87.01,BANK_TRANSFER,SLRF77069922691569
PAY-E2EC459B,INV-91C228FF,2026-02-23,443.29,PAYPAL,PNDA02351209459691
PAY-99D4A4D4,INV-F883DAC3,2026-05-21,1520.28,PAYPAL,RLUV63375984913878
PAY-A13FE1BE,INV-FD3F5CFE,2026-04-29,4265.3,STRIPE,DXHH79523314324170
PAY-7D5B2623,INV-6EB97E26,2026-02-04,2573.81,CRYPTO,HHXQ79081322082204
PAY-B75FFB9C,INV-FFAC340B,2025-11-29,5372.22,BANK_TRANSFER,DTPQ81649571042599
PAY-A1CA9354,INV-27E469A3,2025-05-11,6651.97,BANK_TRANSFER,FEIY17018313774340
PAY-BD25E429,INV-D1D00F29,2025-11-06,540.42,PAYPAL,KWZU17333581368220
PAY-F4BB00B3,INV-BE4FAA6C,2026-05-21,253.13,CRYPTO,TNRL46211670062082
PAY-02860877,INV-2A48687C,2026-03-26,2279.54,CRYPTO,NJXU53629213501134
PAY-FA93CE63,INV-AC067D97,2026-05-23,2096.48,BANK_TRANSFER,ASES18489945494972
PAY-C377F0EF,INV-0BC4E069,2026-04-15,1039.07,CRYPTO,IZJE17563949046514
PAY-CD0BF30F,INV-DEBE25AA,2026-04-03,1743.23,BANK_TRANSFER,QCZJ52528886465089
PAY-79C4CED5,INV-FAD70112,2026-05-14,1584.27,BANK_TRANSFER,ECHT13699754839377
PAY-70F8F0C2,INV-EF65665F,2026-04-19,1675.2,BANK_TRANSFER,IEFI12503834124722
PAY-E9EBD6A7,INV-163080BD,2025-06-21,5182.639999999999,CRYPTO,JCTP53700632399887
PAY-5F716DF9,INV-3C3EEF98,2026-05-04,1603.6599999999999,STRIPE,QKQG75582632189451
PAY-C3E57F5A,INV-A1B3036C,2026-05-17,160.27,STRIPE,QDDZ99428178342064
PAY-BEC5EC4F,INV-CCBF98F8,2026-04-22,5582.79,BANK_TRANSFER,KGZJ33497197204093
PAY-322B65F7,INV-37838A61,2026-04-29,427.0,STRIPE,ATUC73163324308724
PAY-92A56D16,INV-2EFFD199,2026-05-11,332.9,CRYPTO,DECF57989691024198
PAY-C3E685D8,INV-93468A46,2025-12-28,3014.1899999999996,BANK_TRANSFER,JUTL20769915283119
PAY-67DB4C11,INV-BFA98676,2026-02-06,1789.06,STRIPE,DRBB54402776012316
PAY-17946E05,INV-C732B28E,2025-12-06,1244.23,STRIPE,AGMN85743973847184
PAY-DDA3C3CC,INV-1D8243A1,2026-04-30,3594.31,STRIPE,FDFS18236372511298
PAY-F47CDE0F,INV-7B8DD10C,2026-04-29,618.9300000000001,STRIPE,BEME37050674825229
PAY-CD305062,INV-2AF06F48,2026-02-09,2989.9,BANK_TRANSFER,PMHZ16914559036535
PAY-D5402C19,INV-B2A92E73,2026-04-25,8111.18,CRYPTO,FINN76226761747904
PAY-F08F7F8B,INV-0AFD87B8,2026-03-25,-3760.35,PAYPAL,JXYF05964254978064
PAY-F15355DE,INV-BEBFB4C4,2026-05-07,5070.01,CRYPTO,BWUG48973116015653
PAY-2F649CC2,INV-7228BD1E,2026-05-10,1761.71,STRIPE,YXUX54240150437908
PAY-CDFA0DA7,INV-6953C586,2026-03-08,3203.29,BANK_TRANSFER,QWXL58364548759799
PAY-220B5B96,INV-DFEA8FA7,2026-05-11,756.15,BANK_TRANSFER,FUSU04368275684978
PAY-85C2558F,INV-4C8281DB,2026-04-12,1305.73,CRYPTO,ZPFY53081580867894
PAY-E72A8871,INV-030D8EEE,2026-01-23,24.99,PAYPAL,ZJNP19992752371002
PAY-9CC893F9,INV-51D9C0F4,2025-12-11,-3520.38,PAYPAL,KCZY87570532093613
PAY-4FCFC110,INV-C81B77A4,2026-05-13,2341.4900000000002,BANK_TRANSFER,ZDTP29410367580693
PAY-B91CB4A0,INV-3A2B3540,2026-05-24,3020.39,BANK_TRANSFER,BCCO13037097184679
PAY-B2B28E0C,INV-828B39AE,2025-08-28,4793.38,PAYPAL,UDNZ92759274601006
PAY-4AC436FA,INV-8C11989E,2026-04-15,3465.64,CRYPTO,BCQG25661806108537
PAY-054B6638,INV-41703DF3,2025-05-29,4643.01,PAYPAL,YEEX12683905101181
PAY-44C38DC5,INV-5D2706BC,2025-11-14,4584.11,STRIPE,AZMO69871014941163
PAY-26DCF095,INV-D4F8CB11,2025-12-20,232.68,CRYPTO,IYES58616721170254
PAY-63F62D0B,INV-8A6FD8D1,2025-09-16,1981.33,STRIPE,FWIX21825480575950
PAY-A69DFE1C,INV-31FB6B84,2026-05-15,1553.55,CRYPTO,GHLF31754877132020
PAY-CD4EBAD8,INV-4ED2E679,2026-04-28,3937.88,STRIPE,HDYQ67674482287807
PAY-E603203D,INV-198C63E5,2026-05-24,4248.23,CRYPTO,HBWS66676296029649
PAY-0AA3E555,INV-B1F8CC4C,2026-01-15,5456.59,CRYPTO,DNJT54584465771371
PAY-80821C7F,INV-18AFDA08,2026-05-07,4709.88,PAYPAL,UFQO32276654842749
PAY-B047A34E,INV-7BB117BB,2026-04-24,5368.61,BANK_TRANSFER,UBGX00214366594538
PAY-370F6847,INV-8838B639,2025-07-12,2192.91,PAYPAL,JZKX33566822896575
PAY-F9234362,INV-AF38E0B1,2026-05-18,237.09,PAYPAL,WTRA13376191577014
PAY-C5A40315,INV-6C76D0EF,2025-09-08,3379.12,CRYPTO,EGCL39428115876509
PAY-99A2EEEE,INV-2180BEF6,2026-03-31,3447.2200000000003,BANK_TRANSFER,ALOX92151098100944
PAY-7CF58D8E,INV-39CA99AE,2026-03-07,804.17,STRIPE,VMKM94276380826326
PAY-B1E9F4A0,INV-31C64655,2026-01-12,5403.969999999999,STRIPE,JHCX07539871414264
PAY-FEAD3201,INV-1E0061DD,2026-05-02,26.84,CRYPTO,DJGQ38167428954058
PAY-957E3EE9,INV-13D6C9F7,2025-11-08,173.47,BANK_TRANSFER,EZQS72459798982245
PAY-4791A825,INV-D01D91F7,2025-04-20,1610.2,STRIPE,ADJU99611778545390
PAY-8BE0685E,INV-A4453ABA,2026-04-27,3750.68,PAYPAL,XNTF33953002553952
PAY-34C5EC98,INV-42D6D4E0,2025-12-06,5321.49,CRYPTO,VXGD25245870131117
PAY-34CC1334,INV-530422B4,2026-05-17,136.43,PAYPAL,NEJS21515694438787
PAY-52DB3CE7,INV-BE274090,2026-05-21,3220.24,PAYPAL,LWVQ91054825627396
PAY-33BCD70C,INV-D1667C65,2026-05-04,1456.31,CRYPTO,CYEA99286878427751
PAY-CA498604,INV-B9B36884,2025-08-27,1534.35,CRYPTO,XLBM69912856859441
PAY-349914BA,INV-10593A38,2026-03-31,3727.45,STRIPE,CKMY85402621806036
PAY-BD5D3337,INV-6A521390,2026-02-15,449.95000000000005,BANK_TRANSFER,FETV16561307398714
PAY-EC7A641C,INV-641FD4A5,2026-05-16,2625.1,STRIPE,AOUJ57774146518316
PAY-5DEC567E,INV-61774E24,2025-11-26,141.9,PAYPAL,WNGB57578660702507
PAY-62F5300E,INV-A5B78134,2025-08-23,1255.25,BANK_TRANSFER,AQLW26106896553264
PAY-B58A1A10,INV-D799AA72,2025-08-30,3904.81,PAYPAL,VIAV43968483596000
PAY-E6D42EA4,INV-84D152F0,2026-05-21,2012.76,STRIPE,MUGQ81939271918993
PAY-7A56004B,INV-6F03BAD8,2026-05-02,571.47,PAYPAL,DNKA18175760180867
PAY-204AC09D,INV-6210AB22,2026-04-20,5851.34,BANK_TRANSFER,TZCK28932816651773
PAY-C48B7702,INV-648E441C,2026-03-28,-3876.22,BANK_TRANSFER,SHDH52762559376511
PAY-6FF27E2F,INV-2128EB08,2026-02-24,1856.64,CRYPTO,UYKD63917271548362
PAY-F1EF6043,INV-DAC76B00,2026-05-06,277.77,STRIPE,HZKA33460749687574
PAY-50B7B9B7,INV-C38768B9,2026-02-06,4719.85,BANK_TRANSFER,REDQ73982125588774
PAY-C4FFC14E,INV-5A454A59,2026-01-01,1251.08,STRIPE,GJYV65086569963874
PAY-3A7D2D30,INV-D456D1C7,2025-06-01,2175.83,PAYPAL,KXHU83410657299766
PAY-0AE985CA,INV-3582B335,2026-05-25,1278.71,CRYPTO,UBHT33677744108439
PAY-C30CE876,INV-395CAFAB,2026-02-05,3959.92,PAYPAL,WBAG40935827173203
PAY-E6B0EAC1,INV-E391BB7F,2025-11-05,660.75,BANK_TRANSFER,DQIP88797888458795
PAY-DFB14860,INV-DEE94590,2026-04-01,2019.93,CRYPTO,TJNC90692395108327
PAY-6CF7F504,INV-B9179626,2026-05-10,608.53,BANK_TRANSFER,EAAH26503052411420
PAY-D80A3B2B,INV-3459A938,2025-09-21,2978.79,PAYPAL,GKFS49576039610849
PAY-C5D46AFF,INV-24D823B3,2026-05-13,1259.36,CRYPTO,ROMC29767621354561
PAY-D9CA8598,INV-B108FFFA,2025-08-25,573.0899999999999,PAYPAL,VQUG48995312008590
PAY-DE1E4E2E,INV-8775C84A,2026-01-24,246.26999999999998,STRIPE,VOBG64237331342414
PAY-83382F03,INV-32FFDACB,2026-04-20,1249.4,CRYPTO,MFCY77942921017274
PAY-5735025F,INV-6A5E7B6D,2026-05-21,2588.79,CRYPTO,YKAX79631324049619
PAY-17918BDB,INV-60A23628,2026-03-21,1584.59,CRYPTO,FPCI57065868623785
PAY-F8E1EF3B,INV-8117766E,2025-10-10,2010.57,PAYPAL,CSSS39176707002279
PAY-563AB98A,INV-23C409E8,2025-06-11,1411.59,BANK_TRANSFER,GAWA39878064659491
PAY-BB8A9D08,INV-FBBFEE72,2026-04-08,594.27,BANK_TRANSFER,TUQP49320392268687
PAY-5DF6EE17,INV-60635B70,2026-03-17,-7031.1,CRYPTO,RLZJ57653092464308
PAY-75E2FDF8,INV-FFC35D02,2025-06-15,875.04,BANK_TRANSFER,CEFN64350945573149
PAY-2D648E44,INV-F53159CD,2026-05-20,651.38,BANK_TRANSFER,PONA38280710024588
PAY-A1039B5D,INV-8979AE2A,2026-01-30,1247.2900000000002,PAYPAL,TTMT79339338338768
PAY-6607DD73,INV-F5FB1202,2026-04-10,-250.55,PAYPAL,LQDO38681652235079
PAY-F9943F27,INV-46BB7FC7,2026-01-23,2674.54,BANK_TRANSFER,EDST80684960334299
PAY-FF625492,INV-3CFE61BC,2026-04-24,3877.21,CRYPTO,VUNF81076777867397
PAY-9BDA9008,INV-FA716CAC,2026-05-01,79.9,CRYPTO,INQZ99330537406242
PAY-3DDA51A4,INV-0263CF5F,2026-05-22,221.44,CRYPTO,PGML18849198661329
PAY-5D44B558,INV-AF52B383,2026-05-13,4992.8,PAYPAL,IOMG98572685007284
PAY-8650D226,INV-7D76B497,2026-05-07,3120.98,STRIPE,ASTZ98669245051490
PAY-39368F68,INV-0721C240,2026-03-30,4001.01,CRYPTO,LIHJ53649961077997
PAY-B2982274,INV-7ECB2144,2026-01-03,283.64,CRYPTO,XVCY53300270275076
PAY-786A2E77,INV-599CE45D,2026-03-07,5594.24,CRYPTO,WSHR05145386901681
PAY-7F7A3E66,INV-EBA10C2E,2025-12-01,-1357.71,STRIPE,BAMT91558593922445
PAY-364DFF47,INV-77D5242D,2025-08-31,1978.93,STRIPE,JXRT44139995176993
PAY-144247D0,INV-FC5B0257,2026-02-04,4821.28,BANK_TRANSFER,SBPA56951063611287
PAY-A5EBAF4D,INV-57756632,2026-03-18,-4385.2,CRYPTO,GAVM99382145287899
PAY-93877D9E,INV-914839A9,2026-05-11,2135.4,PAYPAL,AYUF84052185056083
PAY-A7119205,INV-7C700193,2025-12-19,2382.87,BANK_TRANSFER,WXRL89654981844093
PAY-5A6BE50E,INV-0EF6EA60,2026-05-22,-1536.08,CRYPTO,CTYF70548748705662
PAY-BA0CE49F,INV-2E30B8BB,2026-02-15,3175.66,BANK_TRANSFER,MASU44615012350665
PAY-D8B04DCB,INV-22573398,2026-05-21,1436.4399999999998,BANK_TRANSFER,ALTA85576578937939
PAY-443CC75D,INV-9B1ECC2D,2025-07-29,5617.72,PAYPAL,SSBW35219609102764
PAY-DEA1985D,INV-862FB417,2025-10-18,-1575.55,BANK_TRANSFER,VUHF11190266237738
PAY-01E753D0,INV-592A0EEB,2026-02-21,983.82,PAYPAL,DILF37803463328742
PAY-F6E38919,INV-2A8C2B0A,2026-05-23,4661.49,CRYPTO,NYRB58000589538157
PAY-E9B18D73,INV-090BB275,2025-02-14,5318.28,BANK_TRANSFER,IHVR57818077949148
PAY-58F93C7D,INV-8615330C,2025-12-10,2946.3999999999996,STRIPE,JINN19954171006562
PAY-8DA411B6,INV-3AB1534D,2026-03-24,1639.36,BANK_TRANSFER,VKHY63776659959902
PAY-C61DFCAA,INV-F720A35D,2026-03-21,5104.59,PAYPAL,ZRDN22664849186146
PAY-6765BF17,INV-B849ACF1,2025-10-04,2401.1,BANK_TRANSFER,RBVL33151313561170
PAY-300A76E6,INV-EB2168F1,2026-05-11,4533.17,CRYPTO,SZGO22391761968225
PAY-85CD92FE,INV-C3198C13,2026-05-24,5604.59,BANK_TRANSFER,VGDG57408747407397
PAY-58E2F1EA,INV-64ABA2D7,2025-09-26,304.85,CRYPTO,PSSZ06183442511809
PAY-F2F88DAC,INV-6A057569,2026-05-22,32.08,BANK_TRANSFER,DLEQ63484016170649
PAY-3ED583D4,INV-B7958814,2025-08-18,3467.3,BANK_TRANSFER,FADL69146164157337
PAY-01D83B6C,INV-B0743F1B,2026-03-31,4471.01,STRIPE,GICU78109071957145
PAY-DB6E45BC,INV-D40DA43D,2026-04-10,910.58,BANK_TRANSFER,KRYG87368072966180
PAY-84C1A64F,INV-112AC680,2026-03-26,1705.85,CRYPTO,RJQE72309907046445
PAY-60AE58D5,INV-B689EC1A,2025-12-05,324.75,BANK_TRANSFER,LWXD99081873300276
PAY-2EEF9E7C,INV-6663B1FD,2026-02-13,1526.96,CRYPTO,HNTK04326059047353
PAY-C1F36C68,INV-FEC02849,2026-04-11,5755.51,BANK_TRANSFER,ISGB53973451359964
PAY-D2EF9C7E,INV-B55BF7DF,2026-05-04,2321.05,STRIPE,TRTW72740514316411
PAY-333AB280,INV-51E10645,2026-05-06,1673.9,CRYPTO,JWBU25426006289223
PAY-E9C80A34,INV-8AD645C8,2026-05-01,462.37,BANK_TRANSFER,SJLR92251747529497
PAY-83D15D0A,INV-E5112515,2026-05-19,852.25,BANK_TRANSFER,NGRG67665703101221
PAY-840DCED5,INV-300087DC,2025-07-14,202.46,PAYPAL,UYVZ42144835457498
PAY-853516EC,INV-CE9BE989,2026-05-22,459.43,PAYPAL,LELJ30935352151734
PAY-0570C553,INV-02EB8A41,2026-05-18,2874.14,CRYPTO,RXSU92471575610801
PAY-298EC71B,INV-29F4CFBA,2026-05-04,5502.19,STRIPE,WEGS55121698323285
PAY-206692B6,INV-E55447C1,2026-05-17,-5181.74,CRYPTO,HUEN21445371504519
PAY-7E65E275,INV-58F63590,2026-03-17,3313.83,STRIPE,YCVD59132684232635
PAY-3526CC3C,INV-68753423,2026-03-22,642.0,CRYPTO,XSWG10571973238154
PAY-8F26DDB1,INV-6478EB55,2026-04-30,995.27,CRYPTO,UYFU60235640930999
PAY-140B7B7C,INV-7EC26DB7,2026-05-04,1149.8999999999999,BANK_TRANSFER,APWR67969999381919
PAY-45DAFBDC,INV-6C23D304,2026-03-16,454.71,PAYPAL,HVCT00241551758637
PAY-E129FFAB,INV-AFB9442E,2025-10-20,1946.6499999999999,PAYPAL,QYST66686858431162
PAY-B1AD694F,INV-1F453C1F,2026-03-14,2362.23,STRIPE,JWTI73965431055771
PAY-0E16A39C,INV-ABE8E840,2026-05-25,1658.05,PAYPAL,OKSN08895869793584
PAY-198E3A3A,INV-66E1ED47,2026-01-27,4273.66,BANK_TRANSFER,YKFX12586062098180
PAY-DF6FEA8C,INV-87F815F6,2026-05-18,3938.35,STRIPE,KDZJ14050850134742
PAY-6A25F5FA,INV-0365D0CD,2026-04-12,3171.7,PAYPAL,FZNJ72543924539604
PAY-156A88C4,INV-1A8335CB,2026-03-30,649.06,BANK_TRANSFER,ELVH96852768209188
PAY-62592ABA,INV-03AFC024,2026-01-07,54.88,BANK_TRANSFER,FYYR09702097909635
PAY-AFB09BFB,INV-7299BB11,2026-04-30,5208.67,STRIPE,CPKU33170253379708
PAY-C36A757C,INV-D76F62D6,2026-02-17,1157.72,BANK_TRANSFER,ROFY53717201533300
PAY-F379244D,INV-C1981EA6,2026-04-02,5399.41,CRYPTO,IOYI13311519683948
PAY-A7F017E8,INV-5926F91B,2026-05-10,495.52,STRIPE,LJGA99034913156536
PAY-E1B4FA92,INV-D00DA1DF,2026-04-21,980.39,PAYPAL,KCXJ52282325348529
PAY-98994B32,INV-87D9BB93,2026-05-25,2160.05,BANK_TRANSFER,OOKR33521970640641
PAY-C9602CF5,INV-C09D62BE,2026-05-16,3843.4,STRIPE,KIBE44783075016327
PAY-1D7267C4,INV-1C5B0B3F,2026-03-31,1215.26,STRIPE,VLEM96364272126454
PAY-A5DB06B7,INV-52D95CCE,2026-05-19,1055.93,CRYPTO,TNPV46726986301333
PAY-BC950473,INV-7A04166D,2026-05-22,3815.76,PAYPAL,ZDOA26719961494918
PAY-F36CF018,INV-5AFE621D,2025-07-31,485.44,CRYPTO,XBZG84952606822879
PAY-C7575E96,INV-FBAC52AB,2026-02-26,3477.26,STRIPE,SMMC59293257890885
PAY-03D29F9D,INV-B50ACEBF,2026-02-11,2525.73,PAYPAL,JXXP11202730238595
PAY-AFE3909C,INV-C98F89A9,2025-06-12,1841.3,PAYPAL,BOEE30335823398951
PAY-A060AB83,INV-FE417EB2,2026-01-11,3586.81,CRYPTO,YXPZ38792787678236
PAY-2EAE0EC3,INV-0F7F0D86,2025-06-16,3419.49,CRYPTO,ZYNK14448657430620
PAY-AD1E73DC,INV-5C0C7C79,2026-05-17,5242.179999999999,BANK_TRANSFER,ZSTU19872029811300
PAY-37EC676A,INV-ABF5C12C,2026-02-07,2747.27,BANK_TRANSFER,CSWR11796330507495
PAY-D8CEE3E5,INV-FE5B0A42,2026-04-09,4393.63,CRYPTO,DSFS80284416169362
PAY-86B72896,INV-921FCACA,2026-05-24,3508.79,STRIPE,UUNH23813705741037
PAY-DA5FF051,INV-B27C2198,2026-03-25,1789.21,BANK_TRANSFER,DWKE58385163578116
PAY-D2901483,INV-BB7AEEF7,2026-03-25,1488.06,CRYPTO,DGFV90102915851185
PAY-F1D14DB3,INV-4D81FAED,2026-04-07,5718.679999999999,BANK_TRANSFER,MBEG53596828901408
PAY-562B331E,INV-716A569F,2026-04-13,3484.69,STRIPE,MPMM02716892788847
PAY-F554FACB,INV-4ACBCB67,2026-05-04,487.57000000000005,STRIPE,TGRH47705104730802
PAY-372FAA2D,INV-CA9AC89D,2025-12-18,2715.76,STRIPE,WJQF41430444697894
PAY-3897B648,INV-3E7C7C21,2025-01-09,3590.8,STRIPE,YACS76893345004195
PAY-0B3564AF,INV-E2E30EEF,2025-12-11,2319.94,CRYPTO,YMMC70616684648209
PAY-C4B41B40,INV-DA6D8271,2026-03-24,1135.4,STRIPE,QDRM96923444055724
PAY-CA772A53,INV-D64B40B8,2026-02-20,5575.639999999999,CRYPTO,GUME09160494172319
PAY-CD470A5B,INV-29AFF7F5,2026-05-05,8841.76,CRYPTO,HOED85893584047057
PAY-D4EA6D90,INV-095088B5,2026-02-06,4968.2,CRYPTO,LMWI16566671571112
PAY-85B60FE8,INV-DDC62B2A,2026-02-18,1177.97,STRIPE,WKUQ93596792625525
PAY-B61FAB20,INV-A8FDC8EF,2026-05-07,2965.7699999999995,PAYPAL,GLTZ84808618683043
PAY-9A58BA40,INV-E6CA51F9,2026-05-11,5271.74,CRYPTO,RLGE10133989309040
PAY-DFFF2A90,INV-EE0E2646,2026-04-21,3267.51,BANK_TRANSFER,XVSV01405650257870
PAY-532D0231,INV-3622333E,2026-05-13,40.41,PAYPAL,VOXT90463691991838
PAY-8A70C099,INV-13861312,2026-04-30,-1686.9900000000002,PAYPAL,NSNC63677177529694
PAY-627DACA1,INV-06236FCC,2026-04-02,201.66000000000003,BANK_TRANSFER,IWRU97881412452770
PAY-567D0187,INV-C392D719,2026-04-16,497.03,STRIPE,KNFI48188867895013
PAY-336E47CD,INV-2E0E1A69,2026-01-12,4317.650000000001,STRIPE,OIWC42013498438281
PAY-63F201CB,INV-DC09E55E,2026-05-25,2289.48,CRYPTO,RNVX35723627330890
PAY-4F54B4BF,INV-F8E16640,2026-05-25,3936.27,BANK_TRANSFER,ZHYF10954968617730
PAY-9ED1FAA6,INV-95831EF9,2025-08-27,101.32,BANK_TRANSFER,MONC70995110356257
PAY-B9E97D0D,INV-692FE234,2026-03-11,2031.89,STRIPE,EQAL79550004441566
PAY-5FD6D77C,INV-A61B0097,2025-12-03,108.77000000000001,PAYPAL,PLNE20217589283905
PAY-3A116211,INV-ABCB482F,2026-02-01,-3521.75,CRYPTO,WXAV72032489323775
PAY-455EBD5A,INV-E94B4E51,2026-05-14,902.79,CRYPTO,RKGF41484268988077
PAY-49289254,INV-928802DB,2026-05-21,1865.01,BANK_TRANSFER,QKVX78564519242793
PAY-9DEE9EE8,INV-0287DF88,2026-05-10,1606.19,BANK_TRANSFER,CMLE28735118778634
PAY-8F4E5E6F,INV-87AB47A5,2026-04-17,1385.6200000000001,CRYPTO,OJON39710318872779
PAY-68E952E3,INV-60DC3D2B,2026-05-23,1728.83,CRYPTO,OVWZ42050578462216
PAY-B8A28FA0,INV-4ACC99EA,2026-03-22,792.93,BANK_TRANSFER,YDLH12141382987908
PAY-824E1999,INV-0D234A55,2025-11-19,4439.64,STRIPE,UINN01705939670155
PAY-4EE8F8F0,INV-2643A4F5,2025-08-29,1957.82,PAYPAL,IMLK29578735168320
PAY-E235E8A2,INV-5DDFB848,2025-08-31,9327.279999999999,STRIPE,CGUC80021498008475
PAY-3F2121CC,INV-9E911519,2026-03-11,2676.34,PAYPAL,ERFH91321836694983
PAY-863D3F89,INV-AC05B7A8,2026-04-03,334.78,CRYPTO,GESZ75845627137024
PAY-59026055,INV-6AC13BD4,2026-01-09,2146.6,STRIPE,TBMM09478306264658
PAY-8DAAF36A,INV-9330D983,2026-01-18,3153.61,BANK_TRANSFER,IYJM31284209274939
PAY-AF789AC9,INV-056FC94B,2026-02-21,5710.83,PAYPAL,BFYC51285136840541
PAY-7D11EF39,INV-0D1A07FD,2025-07-25,3042.21,CRYPTO,PPLC90032260734784
PAY-41AF9E1B,INV-AF48BB77,2026-04-14,416.03,BANK_TRANSFER,NIUH10323385437673
PAY-89BE6C4F,INV-938019F0,2026-03-05,1811.99,CRYPTO,XIYK99682243121255
PAY-9DE34DFF,INV-1E6416A3,2026-02-21,2203.09,PAYPAL,APRD41257067077924
PAY-4CE9E8DF,INV-EEDC02E9,2026-05-14,1503.33,CRYPTO,KUTO11315687310242
PAY-6DE39002,INV-87A2D227,2026-05-15,1711.59,BANK_TRANSFER,NQJL83109035858726
PAY-08D2B546,INV-317C2DBE,2026-05-09,1337.09,CRYPTO,UCTE64210238728807
PAY-BCC596F6,INV-52243406,2026-05-08,5413.93,BANK_TRANSFER,SPBM95990196433562
PAY-2C12D424,INV-41594F66,2026-02-21,3135.26,STRIPE,DQPA00082220532208
PAY-C42EB83E,INV-BBF6D1D6,2026-05-09,1601.33,STRIPE,JNMC71014782475991
PAY-9156A4BB,INV-1F7F5FA4,2024-12-05,4104.5,CRYPTO,NKBX68885760273160
PAY-4E2CEA5E,INV-693F6DD8,2026-05-21,694.11,BANK_TRANSFER,AMGE70524169456468
PAY-A2AEB199,INV-BE1DB367,2026-05-05,103.14,BANK_TRANSFER,NTDI28400001374378
PAY-C207713A,INV-5FF51E59,2025-10-19,5518.759999999999,PAYPAL,GFEK83376223345015
PAY-89FC023D,INV-E085BCA6,2026-05-25,344.34,CRYPTO,CBWU00059118624793
PAY-F5025771,INV-EDAABEE1,2026-01-04,1816.6299999999999,STRIPE,JBEM96315558008757
PAY-F26A2CCF,INV-68B4CC5F,2026-05-19,2195.26,STRIPE,QYHX82370844468501
PAY-3E9B058E,INV-1C49AC9B,2026-05-25,2283.99,BANK_TRANSFER,DRJF93264570177337
PAY-5C81981A,INV-DF93998B,2026-01-30,3693.8900000000003,STRIPE,LJZX97127931082627
PAY-EC9C45EB,INV-4B4AC13A,2026-04-30,3596.54,STRIPE,NWAJ18696095661182
PAY-FCAC48FD,INV-518DA0CE,2026-04-27,1369.38,CRYPTO,JHLR30975336314928
PAY-AFA08A33,INV-1B851443,2026-05-19,1720.3,CRYPTO,KUMR63454964220699
PAY-8759754E,INV-078E145A,2026-04-27,3435.98,STRIPE,AGZL80875634491088
PAY-8EB9E366,INV-AC092CA2,2026-04-16,5293.63,PAYPAL,CTYF72778340793281
PAY-794CDFE6,INV-E9DA53BC,2025-07-06,1269.19,CRYPTO,OVDD03402073617457
PAY-A06ABE0A,INV-1DA16F4F,2026-02-24,336.78999999999996,BANK_TRANSFER,UQAA00013302148904
PAY-3F4AD3C0,INV-62857F63,2026-03-27,4489.29,PAYPAL,DLVU81927724437645
PAY-EB7F94B8,INV-02D9B4E6,2026-05-25,128.66,STRIPE,LWUR33659747091487
PAY-AC5D6644,INV-093F05CD,2026-04-26,1864.12,STRIPE,QZHH82656197896812
PAY-948CA655,INV-AC7307BF,2026-04-30,3783.0299999999997,PAYPAL,XWOO08665748659775
PAY-36C4D5B0,INV-98C17152,2026-03-31,2146.81,STRIPE,BOKB68233733934741
PAY-7FAE9A78,INV-5888DEE6,2025-08-18,5843.129999999999,CRYPTO,KOBO38546052173213
PAY-AE3143BE,INV-7980D363,2026-04-24,1528.92,PAYPAL,ZUQQ02295576930888
PAY-BB5F0118,INV-32A8A01C,2025-10-22,647.27,STRIPE,WVTZ06231543449197
PAY-F8B9232C,INV-6C50F6D7,2026-05-20,1812.9,CRYPTO,PDDW72498596343650
PAY-EEF8C0DE,INV-13B2AD0F,2026-04-19,1611.08,CRYPTO,OFIA89628701321566
PAY-9EA470E1,INV-D8CB58DF,2025-12-27,4856.75,CRYPTO,DODA45999207189802
PAY-8E252BFF,INV-450FC02E,2026-04-13,5176.01,CRYPTO,BKBG46117341741465
PAY-F5555F6D,INV-D70EE61C,2025-11-12,561.64,PAYPAL,KLSC64915663036338
PAY-5530ABE7,INV-AA80B2FF,2026-04-25,2228.91,CRYPTO,JIGK25019165364706
PAY-CEDFB9FA,INV-03A2F0FD,2026-01-14,5548.799999999999,CRYPTO,PQUD34145244864915
PAY-046E74FF,INV-BDB7189B,2026-04-25,1754.8,PAYPAL,LXYC84063929465132
PAY-4C9A3332,INV-84A99F0F,2026-04-13,1161.99,STRIPE,FNYY43847098192050
PAY-3D37F8DB,INV-11886095,2025-10-20,437.72,PAYPAL,VHZM25932865711924
PAY-82C7E694,INV-2927C870,2026-05-20,4997.43,PAYPAL,AANF38183924516791
PAY-6FCC67E2,INV-8176E002,2025-09-21,2862.58,STRIPE,DPET23359133531535
PAY-B8333599,INV-0D33FD06,2025-11-02,1638.17,BANK_TRANSFER,LWUA40941477168289
PAY-49122FFE,INV-6EC7C0EE,2026-01-01,2151.39,PAYPAL,DMGM29703864732232
PAY-6ECBC053,INV-6407BDA9,2026-04-15,3502.82,PAYPAL,MQXC25414528784759
PAY-B2540C88,INV-D96FF642,2024-11-02,4383.14,CRYPTO,JGII10579406525329
PAY-A9AA7D16,INV-8742CF97,2025-12-05,1714.65,PAYPAL,IXLD99550897754728
PAY-7351FDB2,INV-78C58171,2026-05-24,1123.1299999999999,CRYPTO,NFLZ01622043771494
PAY-959F89DF,INV-AB646F50,2026-05-24,326.3,CRYPTO,DLFQ30568208082078
PAY-2BC9BA8F,INV-38209F56,2026-05-25,285.34,PAYPAL,LFUD09423547913027
PAY-D88B1D10,INV-5A55B4AD,2026-05-18,3489.52,STRIPE,FKCA02279825799883
PAY-BD3BE5A0,INV-2D82FC21,2026-03-17,1506.57,PAYPAL,FNZB32240807700378
PAY-6139E08B,INV-3C67A2A0,2025-10-19,999.37,PAYPAL,JMAQ88959208515122
PAY-0BA18B2B,INV-BD51D576,2026-01-23,169.95,CRYPTO,WJSI11715903648737
PAY-CD3F53EA,INV-225B0556,2026-05-01,1426.73,STRIPE,YDEK99684834329786
PAY-FA542020,INV-DE178E5E,2026-05-24,3451.7000000000003,PAYPAL,ZXSW59957194770071
PAY-B46B679E,INV-C6E5DE42,2026-03-07,3580.2799999999997,STRIPE,HLGH63592172340515
PAY-8B154BF7,INV-A9B90A4E,2026-04-28,2848.9700000000003,CRYPTO,NHDV43870611542118
PAY-98EFDAB8,INV-4B972BC7,2026-05-24,3862.13,STRIPE,TEXW65951733666481
PAY-7357501E,INV-0491670D,2026-05-25,4170.889999999999,STRIPE,YXAW19801106382244
PAY-EB70EEF4,INV-303A47DD,2026-05-22,360.95,BANK_TRANSFER,CVQT81978551791543
PAY-0A71FA36,INV-7E171093,2026-04-17,1501.74,PAYPAL,ILTW48930494080910
PAY-8A7AA955,INV-2A33F86C,2026-05-22,3176.78,PAYPAL,GGCM79266403075059
PAY-F245A3B6,INV-4F1B66AB,2025-11-16,753.54,STRIPE,QDBM71091796510592
PAY-B96D3EB3,INV-7D3B502F,2026-01-01,2804.22,BANK_TRANSFER,LWLW83931856654934
PAY-C4DAADD2,INV-A52CBF13,2026-05-25,1263.97,STRIPE,APUZ86320197030781
PAY-F6FE6044,INV-7965396A,2026-03-25,650.8499999999999,BANK_TRANSFER,KQRD19127761518078
PAY-6397A338,INV-FE60C636,2026-03-03,1334.8600000000001,STRIPE,BIVE59765712544584
PAY-5A54CF04,INV-92FE32E5,2026-05-09,4068.34,CRYPTO,CIST01409054449625
PAY-3F0493C1,INV-9E67E453,2026-04-21,3261.25,CRYPTO,YZXG90766675244203
PAY-97FE75D6,INV-EA4F4430,2026-05-13,156.69,CRYPTO,LZRC12450778363509
PAY-1A59B3FA,INV-7E53B386,2026-05-05,-4000.2799999999997,PAYPAL,ODYY66239352601772
PAY-113CE973,INV-0B431701,2026-04-25,2865.9500000000003,PAYPAL,EZND35427018233200
PAY-39069941,INV-D126BB21,2025-09-10,3812.6400000000003,CRYPTO,PXJA71853311564835
PAY-F03A918D,INV-960F765D,2026-01-30,760.29,CRYPTO,KGVD84833649215296
PAY-C06DA2BD,INV-C8D525FE,2026-01-12,3575.0199999999995,CRYPTO,GUTG03221688070182
PAY-E0FA14A8,INV-B1383D33,2026-05-24,2879.9,BANK_TRANSFER,PIZV12512188334017
PAY-FE689E8F,INV-32C8B2B1,2026-05-14,2107.23,BANK_TRANSFER,ULPN69625367117120
PAY-B1242D6C,INV-54F6929B,2025-11-24,857.01,CRYPTO,KMLZ92300224223716
PAY-379AC892,INV-6E98D307,2026-03-04,844.52,PAYPAL,XZWL19997211152927
PAY-EE5FE236,INV-D21EAF8A,2026-04-23,577.15,PAYPAL,XBNZ76420117310109
PAY-C4174A2D,INV-11D13C8A,2025-09-06,5720.38,STRIPE,BKFU04956686510389
PAY-759997D4,INV-FDC4D264,2026-03-24,40.56,PAYPAL,SFXT02532448880769
PAY-CB5AA390,INV-9AAFFA70,2026-03-11,702.27,BANK_TRANSFER,GSLT28914631245347
PAY-DF03BAFA,INV-A80C07B5,2026-05-19,5301.5,STRIPE,MBXQ47818222344944
PAY-4D54D814,INV-7D57C09D,2025-11-14,160.78000000000003,BANK_TRANSFER,ZVMY94451421572991
PAY-382BBE5F,INV-7FCCD32C,2026-04-10,617.03,STRIPE,IHRE76461239554525
PAY-353F6B74,INV-F08A9F63,2026-01-16,3506.51,STRIPE,NZOO30978039934686
PAY-F7F329DC,INV-A800B543,2026-05-10,2430.41,PAYPAL,SDTC93828918350739
PAY-02CA5D33,INV-70FF6AE5,2026-01-13,931.72,CRYPTO,QDLD14627856621762
PAY-4F4C8688,INV-104A4141,2026-04-13,347.18,STRIPE,JILN51499753014463
PAY-48AEDDD8,INV-A6E5E885,2026-03-14,345.02,STRIPE,CEUE21988481312059
PAY-9E1D5013,INV-424C4C8F,2026-03-20,1934.73,STRIPE,SWEU22024176697068
PAY-2A257A53,INV-C3E0B99B,2026-04-25,1475.5,CRYPTO,OJBV00977354962595
PAY-173B88FB,INV-647F45AD,2026-04-01,1719.37,BANK_TRANSFER,GBDF53436466937067
PAY-4A5C432E,INV-796563C6,2026-01-21,5543.07,STRIPE,IQFF11945720555321
PAY-BCBC0AC6,INV-B42C7138,2026-05-11,5429.57,BANK_TRANSFER,LKAE69450583607228
PAY-33057C2B,INV-6BB2807A,2026-05-14,2175.26,PAYPAL,ZXRU86689801065285
PAY-08306DBA,INV-156648AB,2026-02-25,4655.469999999999,PAYPAL,XNDI16370727420050
PAY-C9559411,INV-1028EA56,2026-03-06,1306.2,CRYPTO,STHT77881048591590
PAY-4BC0FB5B,INV-28111AC2,2025-09-30,1207.18,CRYPTO,QJUB41471408877951
PAY-96BA8704,INV-AB0DE746,2026-03-05,2820.5099999999998,PAYPAL,SDUG79016884047633
PAY-4F53648C,INV-7C033B29,2026-05-21,409.11,STRIPE,JDKU92842767741653
PAY-C36901A4,INV-F7040252,2026-05-22,1608.47,BANK_TRANSFER,NGVO16436111685952
PAY-7E71F818,INV-7AED472C,2025-09-03,1948.65,PAYPAL,KNUH43251011028831
PAY-114F809C,INV-A687D7C8,2025-07-02,1588.98,STRIPE,CCXE01747481579619
PAY-802A893A,INV-7C8A12F5,2026-03-30,4706.09,STRIPE,FIKZ82470807092785
PAY-B1A4D8DF,INV-8809367E,2026-02-20,5257.18,BANK_TRANSFER,IFVJ70269154666920
PAY-758867C2,INV-92F69D0D,2026-05-11,2933.2,PAYPAL,WDXQ70863344539750
PAY-053663A6,INV-6E2EF8D7,2026-05-14,1000.47,BANK_TRANSFER,MWTQ02844027836268
PAY-9E31E2FC,INV-7C23EE89,2026-05-02,-872.91,STRIPE,VVJZ79044751537926
PAY-6E691261,INV-99AC5F8C,2025-10-26,5624.01,PAYPAL,HVQE00029780678246
PAY-9C0FFEDE,INV-7A6B6010,2026-04-26,489.21000000000004,PAYPAL,FDEQ81690358322327
PAY-4496946B,INV-7C9FB615,2026-04-30,1783.69,CRYPTO,BQGR81489948223322
PAY-FC8AC1A5,INV-1D66E8A0,2026-02-19,631.57,CRYPTO,CBQW18632133752145
PAY-27825DA2,INV-3479F386,2026-04-12,2749.04,STRIPE,IQTV97442259730374
PAY-0D5D755A,INV-432F8D68,2026-05-09,4039.6800000000003,CRYPTO,IHEX00608307736675
PAY-7C8CF76B,INV-7A98AAAD,2026-05-22,4716.47,BANK_TRANSFER,OHHH53837902389405
PAY-613B9A28,INV-81F15C80,2026-04-11,274.5,PAYPAL,OXQD20796248099522
PAY-53E5A913,INV-D525B14A,2025-12-18,1184.18,CRYPTO,WHOE01701175556774
PAY-E3D1A77B,INV-20781F1F,2026-03-18,353.66999999999996,BANK_TRANSFER,JIWT98907167788030
PAY-C0520965,INV-51D725AF,2026-05-17,2928.52,PAYPAL,HVVX00833418715503
PAY-D714F00A,INV-DC173194,2026-02-21,688.03,STRIPE,GYLI31373129504888
PAY-90ADC6E7,INV-0E29C12E,2026-05-09,83.32,CRYPTO,HEWF92780992839863
PAY-07FE95C2,INV-B6B3C921,2026-02-15,3078.22,CRYPTO,ORNG03816919486707
PAY-89AD04F3,INV-8F6559E4,2026-05-13,2579.21,BANK_TRANSFER,IISC18510154272557
PAY-810CE859,INV-FBF69CB0,2026-02-12,469.67,CRYPTO,EKQJ23022727521527
PAY-25AE4B8E,INV-7FE06FE9,2026-05-16,3302.64,STRIPE,WIHJ16638267759727
PAY-824923F6,INV-A4808949,2026-02-28,5487.84,CRYPTO,ALGW46574096834869
PAY-4A505020,INV-F917A8B2,2026-04-30,3939.26,CRYPTO,ZFTE91773605390811
PAY-788C2FDB,INV-2E955825,2026-05-01,2403.6,STRIPE,QFXN37419870322508
PAY-AC8ED88C,INV-3CD3788C,2026-01-10,4320.87,CRYPTO,IUJL45447278792447
PAY-EC148973,INV-712BF082,2026-03-30,5574.01,CRYPTO,JANM86799420613769
PAY-73E07861,INV-971E940C,2026-05-02,2190.96,PAYPAL,KXTG08787909128121
PAY-50E9D4F9,INV-08823553,2026-05-16,5470.0,STRIPE,LNPC02622519335628
PAY-AC259B7F,INV-72CC9729,2026-02-22,5861.360000000001,PAYPAL,QIAX12520043209182
PAY-EA0D3DE3,INV-07312459,2026-04-25,2828.38,CRYPTO,NZVO83031729409937
PAY-AEA5F3CB,INV-EF2EC509,2026-04-21,1915.36,BANK_TRANSFER,QDJX19679918451920
PAY-9F1F083C,INV-00C4F5D9,2026-02-20,1605.8200000000002,BANK_TRANSFER,HZQK19405684593401
PAY-2CB233FB,INV-2DC829E0,2026-03-19,5856.59,CRYPTO,FEKP50225931227254
PAY-EDE453CB,INV-26B83B54,2025-05-29,4365.09,STRIPE,HVAO95825467723967
PAY-719D502F,INV-1D385F3B,2025-03-12,1561.1,STRIPE,NGRA66267940990737
PAY-B9576096,INV-947148E2,2025-12-09,804.8199999999999,CRYPTO,IRAG61454402919565
PAY-85C84135,INV-1D5526AF,2025-12-10,4736.53,BANK_TRANSFER,CUIS22835602293511
PAY-F0444A48,INV-70C15F8E,2026-05-24,2398.52,CRYPTO,GNTH80584607043517
PAY-29168574,INV-A406522F,2026-01-21,1870.6499999999999,STRIPE,BRVI56314796126508
PAY-55C32FDE,INV-A69BFB90,2026-02-14,1035.79,BANK_TRANSFER,GPST78816680965119
PAY-8DBE7F99,INV-B22DD541,2026-05-22,3194.44,BANK_TRANSFER,WPGZ21778545747706
PAY-5784C2FD,INV-4DED3F77,2026-03-06,-3532.84,PAYPAL,JRZL64327541156527
PAY-A476D652,INV-9779809C,2026-05-16,3523.66,CRYPTO,FMMY99818052792008
PAY-1A189D88,INV-DE26D406,2026-03-25,4665.25,BANK_TRANSFER,WNBM64932375583883
PAY-16C20199,INV-029F745D,2026-03-27,4302.79,PAYPAL,UELJ85928206665347
PAY-167155FB,INV-7F70E52D,2026-05-22,7964.0199999999995,STRIPE,AERC00032666178088
PAY-EB3E599F,INV-390E8D14,2026-05-21,3871.4,STRIPE,MEPW76502942501229
PAY-53E3F023,INV-5D65C98B,2026-05-21,934.64,PAYPAL,PCSO66162429338010
PAY-70436383,INV-706EE9A0,2026-04-03,2766.75,BANK_TRANSFER,JMAR34864917507831
PAY-51A08EA7,INV-65089414,2026-03-22,345.95,PAYPAL,ITPM21741037514164
PAY-626EB2A0,INV-09810288,2026-02-14,5510.429999999999,PAYPAL,GTWO32786028496355
PAY-044CAE79,INV-C2296D73,2026-05-07,3806.0099999999998,STRIPE,VTVZ91499525359530
PAY-BAFA8118,INV-151DCDB3,2026-02-27,1110.79,BANK_TRANSFER,ZTJI59914521020388
PAY-12A50D3F,INV-800EC4C8,2026-01-28,3453.0499999999997,CRYPTO,AJEC21004687975210
PAY-6E7E2094,INV-AC54AF27,2026-04-02,3172.7999999999997,PAYPAL,LVKW68622290544171
PAY-7F74E8D3,INV-0B66C0DE,2025-08-08,7141.82,PAYPAL,TGWZ69070648723583
PAY-A8E372D6,INV-313CB853,2026-04-10,1856.88,STRIPE,OLUE04770048307627
PAY-57C5BB61,INV-AB8CD00E,2025-10-31,5038.16,PAYPAL,OXJG83262250634837
PAY-230F7D44,INV-27A8FFCF,2026-05-14,2558.9300000000003,PAYPAL,ACIN46750380954185
PAY-D8438A51,INV-27060974,2026-03-19,3644.52,STRIPE,WAIY43305098099340
PAY-BAA3D0C1,INV-D7ABD797,2026-02-16,1657.17,CRYPTO,MQJV86558422527768
PAY-6F4A2AF2,INV-01B2634A,2026-05-05,2217.01,BANK_TRANSFER,JESF77501932526749
PAY-D8FCA16D,INV-BBB9C175,2026-04-05,550.66,CRYPTO,MBTL23814987142035
PAY-386CE5EB,INV-2018863D,2025-11-06,5360.320000000001,BANK_TRANSFER,BJSH86362317553373
PAY-6E875016,INV-81B12160,2026-03-03,2050.35,CRYPTO,KRLQ27654699158973
PAY-829F62B6,INV-4B522D57,2026-05-17,2024.66,STRIPE,IVYV42983687619075
PAY-EE00C83A,INV-6AC5DC43,2026-03-09,4088.22,BANK_TRANSFER,LZDB74981886961158
PAY-1268A148,INV-673DC440,2026-04-24,2764.64,CRYPTO,ESOA12683156242060
PAY-C72E3F1D,INV-34D62F88,2026-03-03,1713.6599999999999,CRYPTO,NTAK43526821947190
PAY-7F20AC12,INV-331FE7C7,2026-03-30,4408.33,STRIPE,WPZH25759212303489
PAY-B67BCBAF,INV-80300BAC,2026-04-02,1440.31,PAYPAL,COEY10463118670198
PAY-598D42B2,INV-E4E35A7A,2025-02-12,1849.81,BANK_TRANSFER,JJLT31813125470997
PAY-5B9DE09F,INV-CDB00B1D,2025-10-29,4477.86,STRIPE,KIWA76471862943681
PAY-E79690B5,INV-C8256291,2026-05-10,710.11,PAYPAL,YTJR07207845845840
PAY-7BC47A3C,INV-565C9F6A,2026-05-14,1395.25,STRIPE,EDRB66725279344451
PAY-70A753FD,INV-7AE5B44E,2026-04-27,2346.7799999999997,PAYPAL,CXAY83063443710842
PAY-588A7BE0,INV-86010A70,2026-05-24,3350.7200000000003,PAYPAL,ZHOH53497248689832
PAY-389D2884,INV-CF3CF4BE,2026-03-04,124.21,PAYPAL,FOOI69033847137058
PAY-55C07FC4,INV-AF976123,2026-05-09,1819.72,PAYPAL,ZCVU20040234203387
PAY-EB58F51E,INV-575EBA77,2026-05-13,5878.4,PAYPAL,LBZB21563836669436
PAY-9F70D721,INV-2D61A77A,2026-05-25,1303.92,STRIPE,TSPR51344553296773
PAY-DF2738AC,INV-10280AAE,2026-05-13,1366.04,PAYPAL,CQUR86166633428091
PAY-610E242E,INV-D3807BA7,2025-11-10,3163.1000000000004,BANK_TRANSFER,TZOO05491140654765
PAY-6C8FF99F,INV-C556CF93,2026-04-25,5945.23,BANK_TRANSFER,TAOL35138345629334
PAY-54A9E836,INV-D4E26024,2026-05-21,3806.16,PAYPAL,EWGB94760596765612
PAY-37EEBECC,INV-3A1E1132,2026-05-09,4388.87,BANK_TRANSFER,IDJM79693892529149
PAY-C0E80E9C,INV-6BAD7A71,2025-12-05,1050.26,PAYPAL,TBQH11686744786873
PAY-162F5992,INV-D67F423A,2026-05-25,1972.66,CRYPTO,TIID82697187015398
PAY-055D56C6,INV-30B797CB,2025-08-09,4900.37,BANK_TRANSFER,CSCS99498511742614
PAY-5B9DA84D,INV-400330D6,2024-11-11,31.79,PAYPAL,FQVK89370810357431
PAY-0792C39C,INV-D47DE257,2026-02-17,4025.8500000000004,PAYPAL,IMBY12854997263150
PAY-6FFCF398,INV-39D00F87,2025-11-21,3050.29,STRIPE,IVYE95790354064282
PAY-8037C3BD,INV-190A6307,2025-06-24,1293.73,CRYPTO,MTVC86484121234960
PAY-0AD75FEA,INV-721CC013,2026-03-07,-1193.79,PAYPAL,OEHK26436113887057
PAY-D6611081,INV-7EF934F9,2026-05-11,5163.84,BANK_TRANSFER,PXLJ87009646146994
PAY-833564A9,INV-FC2ADD9A,2026-05-20,1325.33,BANK_TRANSFER,MXBD66858677895324
PAY-3722B4A6,INV-7A33AA97,2026-05-20,4944.31,STRIPE,HUMC99932603861574
PAY-307404DF,INV-283F2DB6,2026-03-31,3514.26,PAYPAL,OXQA37171865880746
PAY-4057AC62,INV-EA518C9D,2026-04-30,2465.9399999999996,BANK_TRANSFER,JKMK66363638139222
PAY-F7D3534D,INV-4381B238,2026-03-19,4744.83,STRIPE,BHPT98204879370123
PAY-B39C28BD,INV-A79768B5,2026-03-24,1075.2,PAYPAL,XPUP59012929929201
PAY-492AA02D,INV-673FC805,2026-04-05,4301.2,CRYPTO,IWAV85074911392823
PAY-BFA7319E,INV-4270710E,2025-08-20,3223.97,PAYPAL,REYN83138003383367
PAY-F1BE0900,INV-51338523,2026-05-08,4434.87,STRIPE,JXBJ76194561581811
PAY-9A353A54,INV-D1E54803,2026-05-09,7918.98,PAYPAL,ZZSF23197895893201
PAY-8F3E3C81,INV-B04187F4,2026-01-21,3060.36,STRIPE,APFH22747830194410
PAY-C2FBA784,INV-E0ADAD94,2026-05-24,5117.620000000001,BANK_TRANSFER,EKHP42494178584770
PAY-AB9B9EF5,INV-3A943E45,2026-05-13,2687.4,STRIPE,BTCL71910439792341
PAY-4D020FF2,INV-CBED9DB9,2026-05-01,409.69,STRIPE,KTVM31062684418776
PAY-B0959C35,INV-98FC24EB,2026-04-05,1438.01,CRYPTO,UROW29620429758101
PAY-0C0611FE,INV-6412B588,2026-05-05,3525.23,PAYPAL,LSUF30651176825152
PAY-0AC42F1C,INV-F251E040,2026-05-08,1687.65,CRYPTO,ALIN90508495170420
PAY-05986DAA,INV-B0E75CDD,2026-05-17,348.37,CRYPTO,RROK26322844133358
PAY-EC20605C,INV-BE2A1C20,2026-03-14,3504.94,PAYPAL,PXPA02335823506274
PAY-C8B0ABB5,INV-AF16C754,2025-09-24,659.16,STRIPE,QQGF86041614354349
PAY-B48B014A,INV-CCFC8643,2026-05-24,152.7,PAYPAL,JLVK74643330403058
PAY-FC4BF599,INV-F7876133,2025-12-30,740.69,BANK_TRANSFER,ANET25809949194373
PAY-FD46353B,INV-5F01AE92,2026-05-25,5098.030000000001,PAYPAL,WQMX55685022080538
PAY-ACE0A734,INV-CF03BA18,2026-05-12,994.46,PAYPAL,OTLC32465183591461
PAY-BA9CA189,INV-1525B12E,2026-04-29,2613.62,PAYPAL,IAAO71601083173499
PAY-5C01B4F4,INV-49BBAFB5,2025-03-13,5660.58,PAYPAL,TZOK31752861224000
PAY-D6D31117,INV-B0A3B320,2026-05-08,3727.03,STRIPE,RHKB02287408975784
PAY-14C0F979,INV-9C85A324,2026-01-02,4816.97,STRIPE,WFZN42149288416344
PAY-A4807BF1,INV-AAF12808,2026-04-19,2818.5,PAYPAL,TVEA55157045330434
PAY-E778F429,INV-F4A04C33,2026-04-11,1528.94,PAYPAL,WMQP44337314029030
PAY-CBD61CFD,INV-D54E933A,2024-12-20,406.37,STRIPE,CDUJ07559786216348
PAY-0F319C37,INV-F53DBF59,2026-05-21,1134.72,BANK_TRANSFER,IYUP55082382888161
PAY-53BC2A01,INV-E5592193,2026-03-25,1565.23,STRIPE,PHZE71463554284686
PAY-E89EE608,INV-42CA9ADE,2026-03-01,1532.47,CRYPTO,FBGF38322704943274
PAY-8CB54500,INV-DEB1F95B,2026-05-13,5668.38,PAYPAL,ILRB23310818548051
PAY-B5DC24D5,INV-5925FB80,2025-12-28,5642.08,PAYPAL,PUYI90994471813240
PAY-48F74721,INV-953F2E88,2026-05-22,2171.9,STRIPE,HGLI73370255563481
PAY-769E33FD,INV-351D39EA,2026-05-17,452.39,STRIPE,RBXO49223966528514
PAY-2E35D484,INV-67AE73DB,2026-05-25,740.6,CRYPTO,IKVO45659925076337
PAY-C62FED82,INV-DC2FEF74,2026-04-05,2394.66,PAYPAL,PDFD46307009583042
PAY-E3AB6F3C,INV-030E5558,2026-05-25,4497.9,PAYPAL,HCBF65574744936673
PAY-041F728C,INV-FED9FCF2,2026-04-05,5367.26,BANK_TRANSFER,BFQS74093934964793
PAY-DDFCDF94,INV-E34D391A,2026-04-09,4954.22,CRYPTO,FZDX54262671889267
PAY-6991EC16,INV-400D972F,2026-02-20,609.78,PAYPAL,FZED77594144772045
PAY-C92F8790,INV-7CFFC3DB,2026-04-30,160.39,CRYPTO,TDWN27624396063007
PAY-37552A80,INV-81F8FC53,2026-03-22,439.07,STRIPE,PQPY35639211878162
PAY-86A4A820,INV-BAAA3ABF,2026-04-23,3587.04,PAYPAL,KXVD05973446850094
PAY-C35430FE,INV-BC7F8A4B,2026-05-11,446.71,PAYPAL,SHUM16629087929686
PAY-BB7BE5CE,INV-CE8E69E4,2026-05-20,2475.84,CRYPTO,NHTM63527360075504
PAY-B5975DDF,INV-7E50A426,2024-11-21,2515.5,PAYPAL,YQSB11752820790779
PAY-AE36A967,INV-C9ECA3EB,2026-05-23,2266.83,PAYPAL,LNWC66402802802224
PAY-F8F103BB,INV-BE5A2964,2025-12-10,5247.570000000001,BANK_TRANSFER,CPWL86662657043883
PAY-FC50930B,INV-89D80111,2026-05-18,5212.22,BANK_TRANSFER,ATSW12691764985774
PAY-91605995,INV-4C6E0C6E,2026-02-22,4661.610000000001,BANK_TRANSFER,BVVV70547209264652
PAY-98156A60,INV-CE9C0640,2026-05-18,2862.6000000000004,CRYPTO,DQTC66807310017977
PAY-28FFC0FE,INV-E5BA6FFE,2026-03-20,777.14,PAYPAL,WWNJ23822355220941
PAY-A7955129,INV-5053A5EE,2026-05-22,1624.21,PAYPAL,UUDE02540941139654
PAY-C6C240F3,INV-CD5EC9FE,2026-02-25,825.06,CRYPTO,WTRH64950926289757
PAY-B9EE53CE,INV-BE7E7841,2026-01-11,2135.2999999999997,STRIPE,JWGA61432885899470
PAY-99023D83,INV-089B1373,2026-05-24,2531.74,STRIPE,RSEH71044907113646
PAY-B5D0EC45,INV-5369A5EC,2026-03-17,1906.22,CRYPTO,QKRA39127790538751
PAY-3657279A,INV-A0AF0B16,2026-01-18,2493.63,BANK_TRANSFER,FSOU03977338004143
PAY-B18AAED2,INV-413D6272,2026-05-03,3111.97,BANK_TRANSFER,UJDZ04232008658623
PAY-861CF281,INV-03781BED,2025-10-26,4917.08,PAYPAL,JFCC47467573251415
PAY-309C33AC,INV-CABC3D91,2026-03-28,4599.0199999999995,PAYPAL,IHED97924761740353
PAY-854D6AA6,INV-E52A84AD,2026-05-23,1483.88,STRIPE,OEPG40697541326301
PAY-0E08210A,INV-1549AE7D,2026-05-24,3204.9,PAYPAL,ETQG09221337045038
PAY-9E9228E0,INV-AAE70486,2026-04-27,1394.94,STRIPE,NEQO34512951972855
PAY-61216FF6,INV-5E3E21EE,2026-05-21,2151.3,STRIPE,UEPQ63487656128069
PAY-C8C9D862,INV-12374A03,2026-04-18,4771.42,STRIPE,DBWT53161566785971
PAY-F2329954,INV-A94B37BC,2026-04-29,5696.200000000001,PAYPAL,URVQ10423852479655
PAY-8050D744,INV-1F23C7D9,2026-02-15,4102.9800000000005,BANK_TRANSFER,RQKT80690439878889
PAY-D52AD150,INV-EBAE6DC3,2026-04-03,5662.66,BANK_TRANSFER,YIAM02690959405219
PAY-CB8FF16C,INV-E70E695A,2026-05-06,2089.94,CRYPTO,PGBR81530293336770
PAY-3BEC1627,INV-931F330C,2026-01-24,2176.75,STRIPE,WYEW79132533258884
PAY-C20665E1,INV-051FB691,2026-04-18,2950.38,PAYPAL,PIFE12115444850246
PAY-120F70C2,INV-80CDA07C,2026-02-21,4747.42,STRIPE,APDH77973095146073
PAY-0A2B631B,INV-9279ACC3,2025-11-10,-2795.92,PAYPAL,VZJA44012178563436
PAY-085AF964,INV-901A6604,2025-05-29,2403.76,STRIPE,IHCF86866775646983
PAY-26944510,INV-CE85F204,2025-12-02,5025.4400000000005,BANK_TRANSFER,QXDN85319990870146
PAY-F695AB3E,INV-99F49513,2025-05-05,2702.18,PAYPAL,PWHT24678314642508
PAY-243004F4,INV-9C788612,2026-02-24,4218.3,PAYPAL,TNSN47732372492921
PAY-015C6370,INV-6BA348D9,2026-05-19,3425.08,STRIPE,QMVT46056927450569
PAY-155E0DC9,INV-366A2438,2026-05-23,6477.75,CRYPTO,XSDG43812580256219
PAY-4CBAFEBC,INV-72015460,2026-02-25,3006.6200000000003,STRIPE,JEID42656261604643
PAY-76898488,INV-77D37567,2026-05-24,287.45,CRYPTO,WALY31397837476693
PAY-4E1CEA92,INV-0928F31D,2026-04-16,2227.84,PAYPAL,IFPQ41287612826124
PAY-76294FF8,INV-A1431D6C,2026-02-27,3928.85,BANK_TRANSFER,VQCS40681275610408
PAY-24A8D373,INV-AB4A64EE,2026-05-24,2495.5499999999997,CRYPTO,QIQC06247165693865
PAY-5AD63166,INV-2F09DAE6,2026-01-16,341.22,STRIPE,XPQN47701696202336
PAY-5F054FDC,INV-AF9247BF,2026-04-26,3456.06,STRIPE,GZPR95623543512904
PAY-6A645874,INV-798CAB14,2025-11-03,1578.19,BANK_TRANSFER,TLEJ05004510666058
PAY-2808EE64,INV-DD049927,2026-02-25,4580.63,PAYPAL,SUUQ15883225702116
PAY-0B17F3E6,INV-8A7C2F1E,2025-11-01,1409.73,PAYPAL,QCIT89656917815483
PAY-C7F2607F,INV-9A688294,2026-02-26,5754.65,PAYPAL,RHHM64493474303426
PAY-C6C03A3A,INV-AE467F0D,2025-12-24,3531.28,BANK_TRANSFER,ZMNX11556816096405
PAY-C32E45FC,INV-63BC3F61,2026-03-17,400.28,STRIPE,PRFV96147307480279
PAY-F1E0A4DD,INV-2D09E031,2026-05-17,2981.16,CRYPTO,GADS96994652174565
PAY-891D067B,INV-9FF84AD8,2025-11-11,3468.08,CRYPTO,RJJH80684145795573
PAY-6C94417E,INV-D997783D,2026-05-13,-3177.98,CRYPTO,UEQC56130232763916
PAY-C75220C8,INV-AC38B9D2,2026-04-03,987.28,PAYPAL,YSOM87659647181753
PAY-FC4A558A,INV-6BA7D9F2,2026-05-13,-736.05,CRYPTO,YULD17563440602109
PAY-6EECEF4E,INV-997C4D56,2026-05-01,758.96,CRYPTO,PFYY78332263731968
PAY-80082B71,INV-0709E2E0,2026-05-20,-3924.16,PAYPAL,BBNP89726715691470
PAY-F3B8B707,INV-8EC0793D,2026-03-23,444.45,BANK_TRANSFER,VLJC64607150066528
PAY-42A65226,INV-E2F93114,2026-04-17,358.74,CRYPTO,WUQM85922220065977
PAY-22B1F74F,INV-22FAF451,2026-03-16,8734.42,STRIPE,QVAG42068721704668
PAY-F58AE9CF,INV-7CD2E3ED,2026-05-14,3554.86,STRIPE,ZPTM21167123046583
PAY-9A973535,INV-5041471D,2025-12-15,2766.13,STRIPE,XXVU16658136622208
PAY-23AE088B,INV-13D694FB,2026-04-29,3727.1400000000003,STRIPE,WWLA96399478348814
PAY-C0D6369F,INV-3FD58B00,2026-05-16,2451.64,BANK_TRANSFER,WOJA79434441756661
PAY-2B95426E,INV-4A85E4D2,2026-05-22,2868.25,PAYPAL,SFTL01976103216580
PAY-AB3E16D5,INV-E7136333,2026-05-14,810.21,STRIPE,WKVC19388309045816
PAY-99D9B808,INV-1774F846,2026-05-16,1145.4,PAYPAL,AIEY01859052731187
PAY-7DC48573,INV-F37A8ED7,2026-05-17,1038.29,PAYPAL,IDFQ65038410195992
PAY-B0C9AED5,INV-1A890FDC,2026-05-25,1254.05,BANK_TRANSFER,ZIAW66159222097648
PAY-F020592E,INV-CFB05D99,2026-03-22,2454.46,BANK_TRANSFER,ZKWS14321172456051
PAY-09CB5A7D,INV-0005A7CB,2026-01-01,-1363.16,STRIPE,ZOQA87135384732420
PAY-BF2E47FF,INV-6721D508,2025-08-16,2069.39,BANK_TRANSFER,SYLS25707279290469
PAY-E24C83C4,INV-8AE052D3,2026-04-29,4883.41,STRIPE,CXOE13702616716727
PAY-C927F6F2,INV-FE7060E8,2026-01-26,699.45,PAYPAL,DARG08320914319384
PAY-D7B1EB03,INV-1CCD29C6,2026-04-11,2376.06,STRIPE,VCWQ92307313972988
PAY-EE075686,INV-B3E993C8,2026-04-08,4135.76,PAYPAL,XBJE38768090077964
PAY-9B37DA4D,INV-53CC3391,2026-03-25,698.4,BANK_TRANSFER,ELHY99138541317448
PAY-951959EA,INV-45FB3CCE,2026-04-13,3240.69,BANK_TRANSFER,FVHG44025885510889
PAY-1893C05C,INV-BF047AB2,2026-05-25,-5207.8,CRYPTO,IRKH15996460872547
PAY-3C764990,INV-E13B39FC,2026-05-11,3944.47,STRIPE,XOZN83532478110162
PAY-DECCC4C8,INV-8EDE02CF,2026-04-30,1330.5,BANK_TRANSFER,YJNS31681516491907
PAY-996AB5F7,INV-7FCCA09E,2026-05-05,239.03,BANK_TRANSFER,SFHX06619017484252
PAY-EC20016C,INV-8C641217,2025-12-29,3228.28,PAYPAL,BMWU47390875358983
PAY-9A3B4BDF,INV-E7F896FE,2026-05-25,167.61,BANK_TRANSFER,DHGH16954323246935
PAY-CAC3E225,INV-04CEEAEE,2026-03-19,1445.61,CRYPTO,ZPPZ20439718884271
PAY-50FBDE66,INV-6A40C746,2026-05-21,1366.8700000000001,BANK_TRANSFER,LXGZ92840347696454
PAY-649F6EFD,INV-0B0212B7,2025-11-22,1732.74,BANK_TRANSFER,EKGF83693080118721
PAY-30687B1B,INV-DFC4DB20,2026-05-23,2291.51,PAYPAL,BWAZ56572386160186
PAY-3E70FEE2,INV-39C2F88E,2026-05-12,4480.29,CRYPTO,VIBW69580518404773
PAY-833946B1,INV-C88EBF46,2026-05-04,694.0899999999999,BANK_TRANSFER,SOJC63228556336602
PAY-BA44ABAA,INV-590D910F,2026-04-20,2268.14,CRYPTO,USVE11828913051027
PAY-A41C323C,INV-81C471E0,2026-04-16,5601.99,BANK_TRANSFER,OUSN05623309479768
PAY-42D7C266,INV-7B72AE6D,2026-04-25,3063.67,CRYPTO,ZIKQ29546373330030
PAY-67AFBE2B,INV-8DA0B992,2026-05-11,2955.9700000000003,PAYPAL,HJUF53012819400112
PAY-80AFF334,INV-6C3E3CA5,2026-04-29,1553.07,CRYPTO,XVJD46566370704373
PAY-3C6AF9A5,INV-1A2D9670,2026-03-28,1246.58,PAYPAL,KLXI62228476600974
PAY-005F4CBF,INV-641DD524,2026-04-02,3318.86,STRIPE,UEMD93581514185940
PAY-9AFDF252,INV-09CE2544,2026-02-22,912.13,BANK_TRANSFER,NARI69544956977556
PAY-046C3819,INV-39FAE98D,2026-04-06,6635.49,STRIPE,YWKE29040150762942
PAY-7581DC55,INV-702813C0,2026-05-16,913.07,PAYPAL,BSJH42208241985778
PAY-B71A0CD7,INV-3E540130,2026-05-16,3950.66,CRYPTO,EGBW73571361877497
PAY-35781A11,INV-2D839318,2026-05-22,2850.4300000000003,BANK_TRANSFER,FKRK35599515414360
PAY-E3D076DE,INV-9D4C3A4F,2025-08-15,220.44,STRIPE,RQJR60641442509693
PAY-AED2CD14,INV-A3C4D06F,2025-12-28,1770.3,BANK_TRANSFER,LAQR06395845450529
PAY-D8A8B169,INV-CFDA8ED8,2026-03-23,5350.25,BANK_TRANSFER,PNXQ09856835051834
PAY-4307F13D,INV-77ACABC8,2026-05-23,1685.27,STRIPE,DIFS50336936834021
PAY-C099D021,INV-03C71011,2025-08-31,4529.74,STRIPE,UUYU46065349309666
PAY-1FD12667,INV-FF6EFF2F,2025-11-14,5624.93,STRIPE,LXKP73904554362331
PAY-B2B3EEF2,INV-1E46D6AC,2026-05-20,1808.97,STRIPE,WBRD10387738007789
PAY-672778DB,INV-8AC81BE9,2026-01-22,509.91,CRYPTO,AWNM68843316509833
PAY-C9DA7C6A,INV-53542705,2026-02-14,4667.11,STRIPE,DIBL43934698984738
PAY-D0D8C752,INV-51D17E79,2026-03-17,3969.5099999999998,CRYPTO,FLXQ01535849620032
PAY-B8735F57,INV-CD0CB712,2026-03-15,1821.68,CRYPTO,VRMB17385555505181
PAY-ECCEB989,INV-BF05413E,2026-01-24,2668.17,STRIPE,JFMZ62443677041108
PAY-A4EC9017,INV-1A116F3B,2026-04-21,2244.84,BANK_TRANSFER,TDGK97489564252753
PAY-01B5FD39,INV-9FFDDB82,2026-02-14,91.59,PAYPAL,OFLN56337343488919
PAY-EC99239F,INV-0AC34806,2025-10-06,70.39,BANK_TRANSFER,FAZC27760662595787
PAY-4F862DE0,INV-D866C592,2025-12-27,838.48,PAYPAL,CPXF74219404789136
PAY-F92CC0E6,INV-B17ED913,2025-04-17,208.75,STRIPE,UEMH82794145509733
PAY-0BE381A8,INV-F3CB9CBA,2025-10-12,1058.49,PAYPAL,WIFS85270497344463
PAY-7B1FCFB2,INV-61A84B57,2025-12-25,147.57,CRYPTO,KSDH11015221815958
PAY-CC3E9FAC,INV-692D8F2F,2026-05-25,883.65,CRYPTO,MBQV82323511395225
PAY-494273B9,INV-B9EDA241,2026-01-27,4357.48,STRIPE,GCPM81013247073081
PAY-390BC451,INV-8BD8515E,2026-05-08,1576.3200000000002,CRYPTO,IWKV45173301654876
PAY-D597E1F5,INV-271FFE38,2026-04-30,3557.47,STRIPE,NMZL51728642136017
PAY-28FF21D7,INV-6D3700EB,2026-03-17,291.29,PAYPAL,VETZ45319651644180
PAY-07246BBA,INV-5CA7E998,2026-05-18,5774.3,PAYPAL,QXZZ09420796199097
PAY-5442A1CD,INV-81678E51,2026-03-29,5733.09,STRIPE,HDDR70878157491671
PAY-0C93677B,INV-C668A741,2026-05-21,672.54,CRYPTO,NPZR85168203852857
PAY-565096DE,INV-29D69511,2026-05-23,3487.89,BANK_TRANSFER,WCVL06898511881167
PAY-45970767,INV-FE4FB7E1,2026-01-27,2827.8,STRIPE,RYKD49667571695402
PAY-BB672FD6,INV-011F590C,2026-03-23,209.79,PAYPAL,VMRG96995713957001
PAY-2556939B,INV-74BFF3CD,2025-11-03,109.54,BANK_TRANSFER,UBFH87893038147604
PAY-E06F7CF7,INV-E66B0CC7,2026-03-20,1927.02,CRYPTO,ESFE59537621098532
PAY-22C42166,INV-B00FEC0E,2026-01-02,2835.37,STRIPE,NMOL49059730375374
PAY-E5EE672A,INV-86A05E8E,2026-04-07,1443.84,PAYPAL,AWMR29481704967294
PAY-1595E89E,INV-A2F8758C,2026-05-12,2061.46,STRIPE,NGOW98004720288823
PAY-00B14327,INV-F8702C7B,2026-03-06,2741.43,CRYPTO,PBCK24244310299321
PAY-78C4ABFB,INV-B8FCC7FD,2026-05-04,5328.91,BANK_TRANSFER,BBSF54270983181803
PAY-74F91D4F,INV-5A134BD3,2026-01-29,4397.57,PAYPAL,BKXJ50827598685819
PAY-AE087B18,INV-E911E763,2026-04-26,5887.79,BANK_TRANSFER,NUOI82232864250464
PAY-FF0C7C0B,INV-F874481C,2026-05-23,242.93,CRYPTO,JEML88406612450116
PAY-453E8A0C,INV-200E183D,2026-03-14,2689.86,STRIPE,RDDW60762109692621
PAY-BB2C5F20,INV-7454AEE5,2025-09-21,473.88,STRIPE,MGCZ41092443295405
PAY-63FC78B8,INV-45747407,2026-04-10,3790.55,CRYPTO,XDWP24727318897060
PAY-35F54CBB,INV-8950EEB1,2026-01-24,5364.8099999999995,BANK_TRANSFER,XLPC99167342142114
PAY-13DEA383,INV-BD5917BB,2026-03-30,4082.36,CRYPTO,VMJT29070383942713
PAY-AADD6CD2,INV-7F4AF6CF,2026-05-05,3733.66,PAYPAL,EEKW71640048952414
PAY-B6CD1A0C,INV-13C00C28,2025-12-03,176.59,CRYPTO,JNMG97180120633575
PAY-9E9E883A,INV-910A80C6,2026-05-10,1739.7399999999998,CRYPTO,KMOL64667667491348
PAY-B9F1818E,INV-97C6DA93,2026-05-22,266.67,STRIPE,GFJY22164532442146
PAY-838154F0,INV-E294F5D3,2025-12-30,375.41,STRIPE,BKQD98365146905918
PAY-345A738F,INV-DCB8D912,2026-04-19,3506.38,STRIPE,BKOR34108075095035
PAY-35A0C1AB,INV-5F9EC4A1,2026-05-21,789.66,BANK_TRANSFER,BEXW94220859503121
PAY-931E53F4,INV-676D9D6A,2026-04-11,4214.11,BANK_TRANSFER,SYFI19716655360181
PAY-34624DE1,INV-003CE82D,2026-01-30,5770.49,STRIPE,VHEW53836144917921
PAY-FCB200F8,INV-6BA7A9A4,2026-04-26,1829.86,STRIPE,DJNR72611737021538
PAY-34402EED,INV-56A3734B,2026-01-08,3178.88,CRYPTO,OHCG12131243466629
PAY-CE321985,INV-E386118D,2025-12-22,4098.34,PAYPAL,CKHS44060146120584
PAY-73A5E2FB,INV-B37C8BB8,2026-05-09,3626.16,PAYPAL,NBAP48133533369417
PAY-00D2A886,INV-BD20647E,2026-04-29,3801.11,BANK_TRANSFER,MLRE55483868612358
PAY-CFDFC159,INV-6DB7E3F9,2026-05-06,2435.67,STRIPE,PESI85636667313962
PAY-8B7963BF,INV-78F25874,2026-05-19,136.91,BANK_TRANSFER,JPAD12143593939427
PAY-E92AB7AA,INV-BD1E7FC0,2026-05-16,2918.14,STRIPE,YLNL96040287447706
PAY-5653E85F,INV-E5DC1ECC,2026-05-18,2758.22,PAYPAL,TSZE44235068843939
PAY-9F2422CE,INV-80B51339,2025-07-16,3336.85,CRYPTO,WENG82391929478745
PAY-B774ABAC,INV-EB76CB13,2026-05-01,2340.25,STRIPE,GVDU86865927994812
PAY-48DCA33F,INV-16AE14A9,2026-01-25,6210.63,PAYPAL,OPDS59119941364477
PAY-80A21778,INV-B11848B7,2026-05-24,-757.5200000000001,BANK_TRANSFER,BXYD47082319617258
PAY-84220521,INV-EA97E3AE,2026-01-26,3287.33,BANK_TRANSFER,XFOD80455912899512
PAY-7A36EDB0,INV-85E66A6B,2026-03-28,684.69,BANK_TRANSFER,ZOLN36518370470237
PAY-60751DAB,INV-A8F637A1,2026-05-03,2409.83,PAYPAL,DXEA35813979519624
PAY-5CB7BA9E,INV-C46830A5,2026-04-15,1073.55,CRYPTO,FHYL91998855229297
PAY-A1755FE2,INV-9B3AF389,2026-04-28,87.76,BANK_TRANSFER,LRZK54220548729129
PAY-902FC13B,INV-3DDA9FCA,2025-10-04,4886.6900000000005,PAYPAL,HULV37063230017195
PAY-6E1FB42A,INV-CE76B4DB,2026-04-25,1073.1,BANK_TRANSFER,UDMN21567486374703
PAY-3E4BA347,INV-2A6359F3,2026-05-19,2525.2200000000003,CRYPTO,VWBE68717584053188
PAY-2FB72D0C,INV-EDB36225,2026-01-05,5871.46,CRYPTO,MXDO27460034105882
PAY-3C508814,INV-E590FD88,2025-10-06,-5305.12,CRYPTO,CSSI97450097064407
PAY-AE38BFBD,INV-0CF34E82,2025-04-05,3484.39,BANK_TRANSFER,NDDK55240278201581
PAY-83925AD8,INV-A9B4963A,2026-05-21,2878.21,PAYPAL,TLGD16951522345089
PAY-7AF0E407,INV-5359B00E,2026-05-13,2040.21,PAYPAL,PYMM70806060506405
PAY-8D3A39F0,INV-373C6CC6,2026-05-23,2497.32,STRIPE,WXDV44079043893531
PAY-4A702423,INV-AF04A01E,2025-09-24,2423.59,BANK_TRANSFER,VLFE41134148126892
PAY-B21501E1,INV-2DD205E6,2025-10-24,507.33,PAYPAL,PHRG96885606945684
PAY-3718EBCE,INV-CB0FB554,2026-03-17,4380.6900000000005,BANK_TRANSFER,PSVS65912394494930
PAY-54317B56,INV-9BD441A6,2026-05-19,1626.13,BANK_TRANSFER,ITUX02307714650286
PAY-81F5C094,INV-F81529C6,2026-04-28,3846.95,CRYPTO,TCBQ18981378011047
PAY-46F3C49A,INV-5AD0BCEB,2026-05-02,6002.09,BANK_TRANSFER,IKHY25672119511094
PAY-21C156A4,INV-8AA8BCDD,2025-09-06,5983.55,PAYPAL,CNKL14620008888764
PAY-7535C2A2,INV-6F3F7DE4,2026-05-11,3225.27,PAYPAL,FFQL56931493548810
PAY-76A3FC22,INV-E96D568F,2025-05-08,3607.2700000000004,STRIPE,SVTX03777311025375
PAY-8B365373,INV-179D57A0,2026-02-13,1259.44,BANK_TRANSFER,VCUJ94007467239798
PAY-24FAB3BB,INV-FCBBE186,2025-01-18,1317.43,STRIPE,OMYY05955870425377
PAY-7A7FBF13,INV-D81AB0FB,2026-03-19,229.94,PAYPAL,LISM60702873723805
PAY-D77871A6,INV-9683DB86,2026-05-10,1188.79,CRYPTO,FTMV68273428904268
PAY-64E5BF84,INV-DF58F6E1,2026-05-25,3923.2999999999997,CRYPTO,QQSK89932191330442
PAY-F521CBE9,INV-D67DCFED,2026-01-14,392.0,BANK_TRANSFER,NILX04462404416316
PAY-C0F9ED51,INV-D5D8E0BD,2026-04-17,1525.53,STRIPE,PBBB33790474212066
PAY-80284F5F,INV-5A039041,2026-04-18,6798.3,BANK_TRANSFER,NSAY28917088807242
PAY-0490322B,INV-DEBC795C,2026-05-18,2331.5699999999997,CRYPTO,OEEM96673495860150
PAY-529682F1,INV-084377C9,2026-03-13,591.14,STRIPE,WJWM51679212719526
PAY-7867BF89,INV-FC783AAF,2026-02-21,4424.44,CRYPTO,QHWW72016485471332
PAY-95C4041F,INV-2FF93009,2026-05-18,4578.32,PAYPAL,IRCH00436256915393
PAY-148D2198,INV-DB9F0820,2026-04-22,5145.77,CRYPTO,WMFJ04661010619581
PAY-33E46FCF,INV-9BEFB06B,2026-05-17,1341.5900000000001,CRYPTO,KGNM14501818785037
PAY-A56A0E3A,INV-E8047E04,2025-12-23,2591.5699999999997,BANK_TRANSFER,CJFY61891241521219
PAY-7464C839,INV-A7565DCE,2026-05-11,2980.78,STRIPE,VMBZ32897957377564
PAY-DB7C5730,INV-05FFB6EB,2025-02-14,606.27,PAYPAL,BPEY59403764941330
PAY-F98DD6A8,INV-0F5B0F76,2026-03-10,3436.71,BANK_TRANSFER,LEWE55494228514136
PAY-50B75B84,INV-908BCECB,2026-05-08,3475.9799999999996,CRYPTO,DHGX33056131113723
PAY-7828DE04,INV-88EF88F7,2026-04-16,1328.8600000000001,STRIPE,QFXD35221111890983
PAY-36981525,INV-1296E233,2026-05-18,2048.15,PAYPAL,BTUC38919860208289
PAY-1E447D25,INV-7A169931,2026-05-05,2441.77,BANK_TRANSFER,HGYK86283588058877
PAY-751024DB,INV-57A01130,2026-03-20,2604.45,CRYPTO,SBFI46442359864840
PAY-C5C29F4C,INV-9F81EB5F,2026-01-21,3665.82,PAYPAL,SBZP54224898014768
PAY-35075A6B,INV-3B00423A,2026-01-29,2020.5500000000002,PAYPAL,UVTY15965866814034
PAY-53097A11,INV-6B5A303D,2026-02-11,2776.24,CRYPTO,SGUY26334570811759
PAY-B4278D71,INV-363D0234,2026-02-05,3774.0,CRYPTO,MLQV49089571070611
PAY-2AB053F0,INV-473BE44D,2026-04-13,2485.58,BANK_TRANSFER,SNAM58552295094436
PAY-FBF5A043,INV-A5E04D58,2026-04-16,431.99,CRYPTO,XYCR17457576826369
PAY-94B8D651,INV-1A47D361,2026-03-03,1063.66,PAYPAL,UZBH65907746743340
PAY-520A7DB0,INV-BD1F8D7F,2025-05-30,5538.95,STRIPE,DWVG33431727496318
PAY-41E01F77,INV-3280D327,2026-04-19,4085.75,PAYPAL,MDVB15852632310785
PAY-241ADD89,INV-84F6DC5D,2026-05-20,2436.82,BANK_TRANSFER,JEAX11866827263401
PAY-CF7E49AF,INV-C4229325,2026-05-24,-3121.82,BANK_TRANSFER,DRCQ27151319482882
PAY-35BDA475,INV-AA15A7D3,2026-05-03,5949.929999999999,BANK_TRANSFER,NHLO18868354737457
PAY-CACFDB8D,INV-22BBD95C,2026-01-23,3360.05,CRYPTO,IVXO93198071233678
PAY-54E0AF9B,INV-D4559B72,2026-05-14,4342.33,PAYPAL,HOHS97704145886136
PAY-90403B47,INV-B254036A,2026-05-11,3868.23,STRIPE,MHEQ77554840042109
PAY-7588433E,INV-89812BB0,2026-03-28,658.18,STRIPE,CVSM66793992783607
PAY-D9A4B536,INV-B01C5C83,2026-03-28,2107.12,PAYPAL,APVX98338101362408
PAY-265F8A10,INV-C8F0EA4F,2026-02-24,582.95,CRYPTO,IYMP44563225054678
PAY-8037C4FB,INV-AFED890F,2026-05-24,4437.27,STRIPE,YLSK47420028923437
PAY-D9CD8814,INV-6BE807A8,2026-05-03,1135.17,PAYPAL,VQVQ01372492884096
PAY-390F0E68,INV-6A486F9F,2026-04-26,1282.46,BANK_TRANSFER,HUOK12207215980560
PAY-7EFAAB96,INV-36D992A4,2026-03-02,1217.8799999999999,PAYPAL,FUWC33780068409642
PAY-D9DAA6A6,INV-C36E91D9,2026-03-02,5763.07,BANK_TRANSFER,BOUS32008224491306
PAY-CF31BE3D,INV-A6707895,2025-11-30,-2709.24,BANK_TRANSFER,DSGN40641511822241
PAY-BEB4D61D,INV-D7255066,2026-03-29,1609.14,BANK_TRANSFER,BCAE32321399285814
PAY-0945E2E6,INV-C805CC94,2026-05-02,3636.14,STRIPE,WIZZ91610199532105
PAY-CA5ACF33,INV-CD106CD1,2025-09-25,363.0,STRIPE,ZJUH51941997981763
PAY-DA021D48,INV-5456D7B7,2026-05-25,594.61,STRIPE,DLIZ31670141048820
PAY-F3CA8D97,INV-086F398C,2025-08-22,2170.51,STRIPE,UATR32736529397252
PAY-60F4C789,INV-8876C689,2026-04-29,4209.219999999999,CRYPTO,TWDY67127944013059
PAY-3F819771,INV-215A91FA,2026-04-25,444.22,PAYPAL,JYUS70730686887861
PAY-0F8C8EEF,INV-58188AA9,2026-04-14,5774.38,PAYPAL,WERW54040261668450
PAY-A708C634,INV-A999E3E4,2025-12-27,2950.81,BANK_TRANSFER,ZRIQ19060459827814
PAY-A9EAFE0C,INV-1749F8F7,2026-05-22,4116.09,BANK_TRANSFER,TYOV17291269815334
PAY-8B5FD4E5,INV-1515E388,2026-03-23,236.18,PAYPAL,ATUE69788331020852
PAY-5688998C,INV-094CB544,2026-03-07,3360.8900000000003,STRIPE,GIIB58565951974395
PAY-B52D13A4,INV-BC5EC5BB,2026-05-25,1836.47,BANK_TRANSFER,WWSX20954554912831
PAY-B2657984,INV-93814ED2,2026-04-27,5669.030000000001,BANK_TRANSFER,SJIE28329958742796
PAY-521E140F,INV-B3DBAE46,2026-05-24,4871.98,BANK_TRANSFER,ASZJ78641638828105
PAY-2A05E4F1,INV-D492E338,2026-04-02,2459.12,BANK_TRANSFER,MFHD16655636300433
PAY-657CB9FE,INV-B9EEBED3,2026-05-09,448.73,STRIPE,OVUL56941467359283
PAY-CFDE1FF8,INV-999CAC54,2026-04-13,2138.9300000000003,CRYPTO,OIWD61656657640633
PAY-1D53E010,INV-CD6AF85B,2026-03-19,3886.3599999999997,STRIPE,BNSN79693924962344
PAY-80D494F4,INV-E1380195,2026-05-19,4244.4400000000005,STRIPE,LNFW83794774173336
PAY-F4A0F534,INV-41D0BE15,2026-05-09,2163.46,CRYPTO,PMYV05345035816549
PAY-A0AE75E4,INV-56E04335,2026-02-10,921.95,STRIPE,QJMJ87608576460363
PAY-89901F14,INV-B5F016AE,2026-05-11,3421.33,CRYPTO,FEPD92173665667390
PAY-0B55E9F3,INV-5D030F8B,2026-05-07,4504.09,PAYPAL,PVPY23657614766571
PAY-1C2A7B24,INV-CFBB37C4,2026-05-10,3003.84,PAYPAL,GISW45724491764826
PAY-940A9173,INV-52CA728B,2026-02-08,291.34,BANK_TRANSFER,UPQZ18338070331566
PAY-A5BA2EDD,INV-D606A6E1,2026-05-24,6726.54,STRIPE,RYKC98386069624989
PAY-D7AA4080,INV-2FBCD67A,2026-05-25,1826.28,CRYPTO,LQMG80404416166130
PAY-59755F5E,INV-0815A485,2025-05-21,4587.69,CRYPTO,CUZY04808805749875
PAY-B8872812,INV-6F1F0366,2026-05-21,4281.8,PAYPAL,JYSH87138992793544
PAY-8A9A9BE0,INV-B889CC66,2026-04-27,63.55,STRIPE,KXOZ30199526145782
PAY-3A72DEFD,INV-2B692471,2026-02-10,1674.42,STRIPE,LDEQ16379963173338
PAY-92344A2A,INV-DE785BD5,2026-05-24,3681.26,BANK_TRANSFER,OBXX01503431629235
PAY-430AC42E,INV-DC710B9E,2026-05-21,4060.8199999999997,PAYPAL,LOCY20574921386068
PAY-AABC08EE,INV-0D96C7D6,2026-03-02,121.07,CRYPTO,BEIL64531076907009
PAY-7701A54F,INV-97AC2965,2025-10-11,4237.91,PAYPAL,UKZS34571615633606
PAY-B24462D2,INV-03406EDC,2026-05-18,5683.13,PAYPAL,VFGC23036726847308
PAY-075585D4,INV-C26F980E,2026-01-27,754.5,BANK_TRANSFER,EBME89580424851168
PAY-28F5A577,INV-E3BE9F35,2025-12-27,4494.0599999999995,STRIPE,JZHU67858733466766
PAY-BD660ABC,INV-C58E9951,2026-03-20,2773.61,CRYPTO,AHQO74643850882570
PAY-564997F4,INV-43B46106,2026-05-22,4245.03,BANK_TRANSFER,FRHL88742109438054
PAY-97284904,INV-AAB1DA7E,2026-05-23,2634.27,BANK_TRANSFER,XQSQ30186080753939
PAY-C33D789A,INV-EFB8E600,2026-05-02,566.6,STRIPE,AYWI27098396548943
PAY-838FEFF5,INV-DB1DE157,2026-05-01,4098.98,STRIPE,XLGN34716780478054
PAY-2BE8C923,INV-BFA025FB,2025-11-02,2837.45,PAYPAL,ISDJ80874592189310
PAY-66594DF2,INV-113FFB99,2026-05-02,1778.29,BANK_TRANSFER,ZMCR41657141787410
PAY-21341D9D,INV-76158D02,2025-09-26,2398.58,PAYPAL,INGB25786535786667
PAY-EBC17E0D,INV-5803E721,2026-01-21,3348.96,STRIPE,DUVW24586154799844
PAY-591BF6E1,INV-EFEF36EE,2026-05-20,1579.3000000000002,CRYPTO,QGWF76289082371059
PAY-39D2797B,INV-678EF2BF,2026-03-13,4120.1,STRIPE,IOWH27224375811625
PAY-D8AC188E,INV-8C7F6489,2026-05-24,1330.58,STRIPE,QLCD47771631593809
PAY-E713F71A,INV-5F9F28DD,2026-04-18,489.35,CRYPTO,YDCQ91928344026083
PAY-8ACC686A,INV-8E456886,2026-03-26,254.81,CRYPTO,JUUG54085842049549
PAY-77B6B01B,INV-F078EF64,2026-04-13,1230.59,CRYPTO,OKHY86688145392413
PAY-2C56C894,INV-9153E003,2026-05-13,2548.67,BANK_TRANSFER,BQDT44489020842735
PAY-20B70DDA,INV-32952805,2025-10-11,4777.58,CRYPTO,VQNI48296120528700
PAY-FD491137,INV-21A98A56,2026-05-20,2338.85,BANK_TRANSFER,ECUV22562443762920
PAY-5DF92A00,INV-33399850,2026-05-21,2557.13,CRYPTO,ZPBG70701095575388
PAY-C67542B6,INV-AF8AA755,2026-01-20,4445.46,BANK_TRANSFER,WGOC17185691178188
PAY-81405C0B,INV-2C73476F,2026-05-15,3067.8,BANK_TRANSFER,RSZD86239378408719
PAY-D43A843C,INV-F47A8193,2026-05-13,150.87,STRIPE,ABAI71940656859003
PAY-8ABBF53E,INV-1960C6AE,2026-05-25,4353.28,STRIPE,JNGS10274237837623
PAY-78C1D215,INV-28C74B47,2026-03-10,1629.19,STRIPE,EMVA56292669236201
PAY-DE5DA310,INV-7DC0242F,2025-09-26,5665.15,CRYPTO,NHAE98628118031968
PAY-11AA593B,INV-8C6A6D9B,2026-04-13,5413.02,BANK_TRANSFER,QFVN37478882459198
PAY-1ED57758,INV-B41865F4,2026-04-23,97.02,PAYPAL,GYER82392754138705
PAY-06E1D1DC,INV-DC1CA9B1,2026-04-20,2812.37,BANK_TRANSFER,WJPK53241369070249
PAY-1AEB066E,INV-A4F873CA,2025-02-05,5043.68,CRYPTO,DPRO89675360045457
PAY-774E2FB1,INV-5F1C902F,2025-12-08,3365.36,PAYPAL,FMWS53724449712269
PAY-E33B87C6,INV-2A8BDCCB,2026-01-06,-1215.67,PAYPAL,NTFB09125853402970
PAY-81F140E3,INV-D5258D42,2026-05-25,-4124.53,CRYPTO,ANVI01374896782637
PAY-11B9F9F9,INV-9E2B5770,2025-05-24,1173.6399999999999,PAYPAL,DRAJ47940505159490
PAY-A22EEA25,INV-F4F85307,2026-03-23,1411.91,PAYPAL,OAMC05009171953728
PAY-BF00B1E0,INV-8C8637F8,2026-05-15,257.86,BANK_TRANSFER,PSOL31154516433982
PAY-CA353DBB,INV-C6D5BC96,2026-05-24,4661.38,STRIPE,BSOI18868287571988
PAY-AF87B559,INV-809FCC6E,2025-06-06,1349.2,CRYPTO,KWLP86165841300932
PAY-2D8B6108,INV-5D694936,2025-11-25,1287.56,CRYPTO,PFTQ36194102829638
PAY-C1F1117B,INV-C1255CCD,2025-10-28,5420.139999999999,PAYPAL,YRBH15122658177292
PAY-6A576195,INV-85FBA303,2026-04-09,1848.42,PAYPAL,HAKW32526001181230
PAY-D3262742,INV-BF11FB44,2026-05-12,1988.16,STRIPE,CUEF12436521010745
PAY-5917A56F,INV-3194ECE5,2026-05-25,2193.85,STRIPE,SSCC97158085111504
PAY-DA90D76C,INV-60692251,2026-04-03,2751.1000000000004,STRIPE,DFQO50826703909738
PAY-48C495D1,INV-D11F112A,2026-03-11,1106.5,PAYPAL,PDTC04514146881756
PAY-F824FDD3,INV-DEFEA65D,2026-01-11,407.25,PAYPAL,KTCF75362479905233
PAY-79FA2D51,INV-608DFE7B,2026-02-10,5207.08,STRIPE,PRGL63640585881185
PAY-FB53AB5C,INV-A7AB1C27,2026-05-09,4384.53,CRYPTO,LPNN27106104203073
PAY-876812A9,INV-AFBEF2C6,2025-05-14,2496.85,STRIPE,KTOR00786169008534
PAY-BF182031,INV-9B4DFD7A,2026-05-13,2139.98,STRIPE,IJJH94469266263951
PAY-B6EE94AD,INV-8E989023,2026-04-09,377.4,PAYPAL,GIWT41552992777713
PAY-9AD2B94A,INV-UNKNOWN-946,2026-04-04,126.2,BANK_TRANSFER,ZMAB13113787187978
PAY-2A689142,INV-UNKNOWN-685,2026-05-04,67.85,BANK_TRANSFER,BYOP25840090625094
PAY-AAA9C59C,INV-UNKNOWN-504,2026-01-01,884.86,BANK_TRANSFER,ANQS02552889737840
PAY-4359C3BF,INV-UNKNOWN-217,2026-03-26,181.62,BANK_TRANSFER,IDNV17723797309053
PAY-C2984B7A,INV-UNKNOWN-157,2026-01-17,595.02,BANK_TRANSFER,KDQN47048550231374
PAY-7D0E01F4,INV-UNKNOWN-223,2026-05-04,913.79,BANK_TRANSFER,LBGP15007488382682
PAY-24A0D7E5,INV-UNKNOWN-135,2026-01-21,979.96,BANK_TRANSFER,DKZE62076795757186
PAY-FD1DF5A4,INV-UNKNOWN-559,2026-01-21,25.56,BANK_TRANSFER,ANTO36587949231511
PAY-FF24ECBD,INV-UNKNOWN-748,2026-03-22,808.42,BANK_TRANSFER,QGCH57190936617658
PAY-869C5F97,INV-UNKNOWN-901,2026-03-15,799.16,BANK_TRANSFER,HZOM06171255075849
PAY-CD836844,INV-UNKNOWN-786,2026-03-11,540.25,BANK_TRANSFER,NIBZ83444340288559
PAY-0E748FF2,INV-UNKNOWN-623,2026-03-08,117.17,BANK_TRANSFER,KNMX35790381868320
PAY-BB0535B8,INV-UNKNOWN-308,2026-03-22,688.06,BANK_TRANSFER,KJHO01126992897224
PAY-6850A579,INV-UNKNOWN-192,2026-05-19,781.68,BANK_TRANSFER,HJRP76013109862453
PAY-E9FA3A5A,INV-UNKNOWN-421,2026-04-20,115.16,BANK_TRANSFER,EYMK22710684666565
PAY-4890F6A4,INV-UNKNOWN-288,2026-04-03,832.82,BANK_TRANSFER,SCUB37497364567121
PAY-9BB10C30,INV-UNKNOWN-665,2026-04-16,451.29,BANK_TRANSFER,UJCK57213191396839
PAY-0C3FF969,INV-UNKNOWN-272,2026-04-25,506.68,BANK_TRANSFER,SONP22071135033668
PAY-49916111,INV-UNKNOWN-938,2026-03-30,608.72,BANK_TRANSFER,PRGN77447324571955
PAY-F05A1757,INV-UNKNOWN-545,2026-03-20,480.86,BANK_TRANSFER,OVMB41281771716994
PAY-A56D1C5F,INV-UNKNOWN-674,2026-01-28,384.73,BANK_TRANSFER,FIPB04295547120073
PAY-6203AF07,INV-UNKNOWN-668,2026-01-07,53.27,BANK_TRANSFER,ZRFI23997767532999
PAY-19E3E579,INV-UNKNOWN-664,2026-03-11,980.2,BANK_TRANSFER,TSBL88419482464118
PAY-3B79A6A3,INV-UNKNOWN-842,2026-02-09,457.31,BANK_TRANSFER,WAND69384738106370
PAY-2B063821,INV-UNKNOWN-172,2026-03-23,46.25,BANK_TRANSFER,EEMC63405464985901
PAY-2BA7466C,INV-UNKNOWN-940,2026-02-14,701.36,BANK_TRANSFER,ACOL50493578141277
PAY-CB71266F,INV-UNKNOWN-850,2026-02-22,201.63,BANK_TRANSFER,QPTE83929123811874
PAY-0B977561,INV-UNKNOWN-156,2026-04-24,259.51,BANK_TRANSFER,YEMF84323760356729
PAY-2540CA4A,INV-UNKNOWN-392,2026-04-29,180.51,BANK_TRANSFER,EFNJ72833343260322
PAY-548FAC8C,INV-UNKNOWN-484,2026-01-15,653.93,BANK_TRANSFER,LQGJ41730981819242
PAY-D980FF40,INV-UNKNOWN-274,2026-03-28,981.36,BANK_TRANSFER,LZTP52288320939749
PAY-06CC1022,INV-UNKNOWN-941,2026-04-25,184.44,BANK_TRANSFER,HNOO85145549444429
PAY-EBE1E6BD,INV-UNKNOWN-327,2026-03-12,434.08,BANK_TRANSFER,GFZH34833755737851
PAY-3226513C,INV-UNKNOWN-178,2026-01-16,909.46,BANK_TRANSFER,MKGD26456967570571
PAY-17F6A5D0,INV-UNKNOWN-470,2026-04-01,95.98,BANK_TRANSFER,RHHZ33562550135841
PAY-B4FDC347,INV-UNKNOWN-847,2026-02-05,267.77,BANK_TRANSFER,CHOG20220173822606
PAY-FAA50BEE,INV-UNKNOWN-992,2026-05-24,698.76,BANK_TRANSFER,UNNH07099648863998
PAY-F440FA6F,INV-UNKNOWN-539,2026-03-23,107.63,BANK_TRANSFER,FTSY59110298493835
PAY-3EAC9744,INV-UNKNOWN-249,2026-05-16,375.41,BANK_TRANSFER,ETXM94863201306533
PAY-B0EC919F,INV-UNKNOWN-501,2026-05-13,966.57,BANK_TRANSFER,CDVR66411516446592
PAY-C6E80BF7,INV-UNKNOWN-483,2026-05-15,598.98,BANK_TRANSFER,RENS00800470322600
PAY-C5B15532,INV-UNKNOWN-981,2026-03-19,860.24,BANK_TRANSFER,VGSC34973105388893
PAY-9F873ED2,INV-UNKNOWN-820,2026-01-02,874.65,BANK_TRANSFER,XIFQ23616010972893
PAY-118DEA23,INV-UNKNOWN-229,2026-05-03,819.4,BANK_TRANSFER,DBDL10609784970420
PAY-DB07AFFC,INV-UNKNOWN-568,2026-05-01,411.32,BANK_TRANSFER,NVHD00945319422365
PAY-2A18539D,INV-UNKNOWN-584,2026-01-12,889.8,BANK_TRANSFER,PYWF50762332750944
PAY-426D9788,INV-UNKNOWN-626,2026-02-02,500.61,BANK_TRANSFER,YZVJ93601616876307
PAY-26E94041,INV-UNKNOWN-960,2026-05-09,322.96,BANK_TRANSFER,LRIQ36391701389881
PAY-5240758E,INV-UNKNOWN-943,2026-03-06,524.4,BANK_TRANSFER,FVGH58623422342264
PAY-422FBB33,INV-UNKNOWN-751,2026-02-09,802.21,BANK_TRANSFER,GALM65776061251743
PAY-072D680A,INV-UNKNOWN-654,2026-02-15,994.95,BANK_TRANSFER,RQSG90316964668026
PAY-8E07291E,INV-UNKNOWN-586,2026-02-12,563.78,BANK_TRANSFER,DUUD76612476859766
